cores,cpu_speed
6,6.29
6,6.29
6,6.29
6,6.29
6,6.29
6,6.29
6,6.29
6,6.29
6,6.29
6,6.29
6,6.29
6,6.29
16,6.18
16,6.18
16,6.18
16,6.18
16,6.18
16,6.18
16,6.18
16,6.18
16,6.18
16,6.18
16,6.18
16,6.18
16,6.18
16,6.18
16,6.18
16,6.09
16,6.09
16,6.09
16,6.09
16,6.09
16,6.09
16,6.09
16,6.09
16,6.09
16,6.09
8,5.99
8,5.99
8,5.99
8,5.99
8,5.99
8,5.99
8,5.99
8,5.99
8,5.99
8,5.99
8,5.99
8,5.99
8,5.99
8,5.99
8,5.99
8,5.99
8,5.99
8,5.99
8,5.99
8,5.99
8,5.99
8,5.99
8,5.99
8,5.99
8,5.99
8,5.99
8,5.99
8,5.99
8,5.99
8,5.99
8,5.99
8,5.99
8,5.99
8,5.99
8,5.99
8,5.99
8,5.99
8,5.99
8,5.99
8,5.99
8,5.99
8,5.99
8,5.99
8,5.99
8,5.99
8,5.99
8,5.99
8,5.99
8,5.99
8,5.99
8,5.99
8,5.99
8,5.99
8,5.99
8,5.99
8,5.99
8,5.99
8,5.99
8,5.99
8,5.99
8,5.99
8,5.99
8,5.99
8,5.99
8,5.99
8,5.99
8,5.99
8,5.99
8,5.99
8,5.99
4,5.92
4,5.92
4,5.92
4,5.92
4,5.92
4,5.92
4,5.92
4,5.92
4,5.92
4,5.92
4,5.92
4,5.92
4,5.92
4,5.92
4,5.92
4,5.92
4,5.92
4,5.92
4,5.92
4,5.92
4,5.83
4,5.83
4,5.83
4,5.83
4,5.83
4,5.83
4,5.83
4,5.83
4,5.83
4,5.83
4,5.83
4,5.83
4,5.83
4,5.83
4,5.83
4,5.83
4,5.83
4,5.83
4,5.83
4,5.83
4,5.83
4,5.83
4,5.83
4,5.83
4,5.83
4,5.83
4,5.83
4,5.83
4,5.83
4,5.83
4,5.83
4,5.83
4,5.83
4,5.83
4,5.83
4,5.83
4,5.83
4,5.83
6,5.73
6,5.73
6,5.73
6,5.73
6,5.73
6,5.73
6,5.73
6,5.73
6,5.73
6,5.73
6,5.73
6,5.73
6,5.73
6,5.73
6,5.73
6,5.73
6,5.73
6,5.73
6,5.73
6,5.73
6,5.73
6,5.73
6,5.73
6,5.73
6,5.73
6,5.73
6,5.73
6,5.73
6,5.73
6,5.73
6,5.73
6,5.73
6,5.73
6,5.73
6,5.73
4,5.71
4,5.71
4,5.71
4,5.71
4,5.71
4,5.71
4,5.71
4,5.71
4,5.71
4,5.71
4,5.71
4,5.71
4,5.71
4,5.71
4,5.71
4,5.71
4,5.71
4,5.71
8,5.58
8,5.58
8,5.58
8,5.58
8,5.58
8,5.58
8,5.58
8,5.58
8,5.58
8,5.58
8,5.58
8,5.58
8,5.53
8,5.53
8,5.53
8,5.53
8,5.53
8,5.53
8,5.53
8,5.53
8,5.53
8,5.53
8,5.53
8,5.53
8,5.53
8,5.53
8,5.53
8,5.53
8,5.53
8,5.53
8,5.53
8,5.53
8,5.53
8,5.53
8,5.53
8,5.53
8,5.53
8,5.53
8,5.53
8,5.53
8,5.53
8,5.53
8,5.53
8,5.53
8,5.53
8,5.53
8,5.53
8,5.53
8,5.53
8,5.53
8,5.53
8,5.53
8,5.53
8,5.53
8,5.53
8,5.53
8,5.53
8,5.53
8,5.53
8,5.53
8,5.53
8,5.53
8,5.53
8,5.53
8,5.53
8,5.53
8,5.53
8,5.53
8,5.53
8,5.53
8,5.53
8,5.53
8,5.53
8,5.53
8,5.53
8,5.53
8,5.53
8,5.53
8,5.53
8,5.53
8,5.53
8,5.53
6,5.51
6,5.51
6,5.51
6,5.51
6,5.51
6,5.51
6,5.51
6,5.51
6,5.51
6,5.51
6,5.51
6,5.51
6,5.51
6,5.51
6,5.51
6,5.51
6,5.51
6,5.51
6,5.51
6,5.51
6,5.51
6,5.51
6,5.51
6,5.51
6,5.51
6,5.51
6,5.51
6,5.51
6,5.51
6,5.51
6,5.51
6,5.51
6,5.51
6,5.51
8,5.47
8,5.47
8,5.47
8,5.47
8,5.47
8,5.47
8,5.47
8,5.47
8,5.47
8,5.47
8,5.47
8,5.47
8,5.47
8,5.47
8,5.47
8,5.47
8,5.47
8,5.47
8,5.47
8,5.47
8,5.47
8,5.47
8,5.47
8,5.47
8,5.47
8,5.47
8,5.47
8,5.47
8,5.47
8,5.47
8,5.47
8,5.47
8,5.47
8,5.47
8,5.47
8,5.47
8,5.47
8,5.47
8,5.47
8,5.47
8,5.47
8,5.47
8,5.47
16,5.46
16,5.46
16,5.46
16,5.46
16,5.46
16,5.46
16,5.46
16,5.46
16,5.46
16,5.46
16,5.46
16,5.46
16,5.46
16,5.46
16,5.46
16,5.46
16,5.46
16,5.46
16,5.46
16,5.46
16,5.46
16,5.46
16,5.46
16,5.46
16,5.46
16,5.46
16,5.46
16,5.46
16,5.46
16,5.46
16,5.46
16,5.46
16,5.46
16,5.46
16,5.46
16,5.46
16,5.46
16,5.46
16,5.46
16,5.46
16,5.46
16,5.46
16,5.46
16,5.46
16,5.46
16,5.46
16,5.46
16,5.46
16,5.46
16,5.46
16,5.46
16,5.46
16,5.46
31,5.42
31,5.42
31,5.42
31,5.42
31,5.42
31,5.42
31,5.42
31,5.42
31,5.42
31,5.42
31,5.42
31,5.42
31,5.42
31,5.42
31,5.42
31,5.42
31,5.42
31,5.42
31,5.42
31,5.42
31,5.42
31,5.42
31,5.42
31,5.42
31,5.42
31,5.42
31,5.42
31,5.42
31,5.42
31,5.42
31,5.42
31,5.42
31,5.42
31,5.42
31,5.42
31,5.42
31,5.42
31,5.42
31,5.42
31,5.42
31,5.42
31,5.42
31,5.42
31,5.42
31,5.42
31,5.42
31,5.42
31,5.42
31,5.42
31,5.42
31,5.42
31,5.42
31,5.42
31,5.42
31,5.42
31,5.42
31,5.42
31,5.42
8,5.42
8,5.42
8,5.42
8,5.42
8,5.42
8,5.42
8,5.42
8,5.42
8,5.42
8,5.42
8,5.42
8,5.42
8,5.42
8,5.42
8,5.42
8,5.42
8,5.42
8,5.42
8,5.42
8,5.42
8,5.42
8,5.42
8,5.42
8,5.42
8,5.42
8,5.42
8,5.42
8,5.42
8,5.42
8,5.42
8,5.42
8,5.42
8,5.42
8,5.42
8,5.42
8,5.42
8,5.42
8,5.42
8,5.42
8,5.42
8,5.42
8,5.42
8,5.42
8,5.42
8,5.42
8,5.42
8,5.42
8,5.42
8,5.42
8,5.42
8,5.42
8,5.42
8,5.42
8,5.42
8,5.42
8,5.42
8,5.42
8,5.42
8,5.42
8,5.42
8,5.42
8,5.42
8,5.42
8,5.42
8,5.42
8,5.42
8,5.42
8,5.42
8,5.42
8,5.42
8,5.42
8,5.42
8,5.42
8,5.4
8,5.4
8,5.4
8,5.4
8,5.4
8,5.4
8,5.4
8,5.4
8,5.4
8,5.4
8,5.4
8,5.4
8,5.4
8,5.4
8,5.4
8,5.4
8,5.4
8,5.4
8,5.4
8,5.4
8,5.4
8,5.4
8,5.4
8,5.4
8,5.4
8,5.4
8,5.4
8,5.4
8,5.4
8,5.4
8,5.4
8,5.4
8,5.4
8,5.4
8,5.4
8,5.4
8,5.4
8,5.4
8,5.4
8,5.4
8,5.4
8,5.4
8,5.4
8,5.4
8,5.4
6,5.4
6,5.4
6,5.4
6,5.4
6,5.4
6,5.4
6,5.4
6,5.4
6,5.4
6,5.4
8,5.4
8,5.4
8,5.4
8,5.4
8,5.4
8,5.4
8,5.4
8,5.4
8,5.4
8,5.4
8,5.4
8,5.4
8,5.4
8,5.4
8,5.4
8,5.4
8,5.4
8,5.4
8,5.4
8,5.4
8,5.4
8,5.4
8,5.4
8,5.4
8,5.4
8,5.4
8,5.4
12,5.38
12,5.38
12,5.38
12,5.38
12,5.38
12,5.38
12,5.38
12,5.38
12,5.38
12,5.38
12,5.38
12,5.38
12,5.38
12,5.38
12,5.38
12,5.38
12,5.38
12,5.38
12,5.38
12,5.38
12,5.38
12,5.38
12,5.38
12,5.38
12,5.38
6,5.35
6,5.35
6,5.35
6,5.35
6,5.35
6,5.35
6,5.35
6,5.35
6,5.35
6,5.35
6,5.35
6,5.35
6,5.35
6,5.35
6,5.35
6,5.35
6,5.35
6,5.35
6,5.35
6,5.35
6,5.35
6,5.35
6,5.35
6,5.35
6,5.35
6,5.35
6,5.35
6,5.35
6,5.35
6,5.35
6,5.35
6,5.35
6,5.35
6,5.35
6,5.35
6,5.35
6,5.35
6,5.35
16,5.35
16,5.35
16,5.35
16,5.35
16,5.35
16,5.35
16,5.35
16,5.35
16,5.35
16,5.35
16,5.35
16,5.35
16,5.35
16,5.35
16,5.35
16,5.35
16,5.35
16,5.35
16,5.35
16,5.34
16,5.34
16,5.34
16,5.34
16,5.34
16,5.34
16,5.34
16,5.34
16,5.34
16,5.34
16,5.34
16,5.34
16,5.34
16,5.34
16,5.34
16,5.34
16,5.34
16,5.34
16,5.34
16,5.34
16,5.34
16,5.34
16,5.34
16,5.34
16,5.34
16,5.34
16,5.34
16,5.34
16,5.34
16,5.34
16,5.34
16,5.34
16,5.34
16,5.34
16,5.34
16,5.34
16,5.34
16,5.34
16,5.34
16,5.34
16,5.34
16,5.34
16,5.34
16,5.34
16,5.34
16,5.34
16,5.34
16,5.34
16,5.34
16,5.34
16,5.34
16,5.34
16,5.34
16,5.34
16,5.34
16,5.34
16,5.34
16,5.34
16,5.34
16,5.34
16,5.34
16,5.34
16,5.34
16,5.34
16,5.34
16,5.34
16,5.34
16,5.34
16,5.34
16,5.34
16,5.34
16,5.34
16,5.34
16,5.34
16,5.34
16,5.34
16,5.34
16,5.34
16,5.34
16,5.34
16,5.34
16,5.34
16,5.34
16,5.34
16,5.34
16,5.34
16,5.34
16,5.34
16,5.34
16,5.34
16,5.34
16,5.34
16,5.34
16,5.34
16,5.34
16,5.34
16,5.34
16,5.34
16,5.34
16,5.34
16,5.34
16,5.34
16,5.34
16,5.34
16,5.34
16,5.34
16,5.34
16,5.34
16,5.34
16,5.34
16,5.34
16,5.34
16,5.34
16,5.34
16,5.34
16,5.34
16,5.34
16,5.34
16,5.34
16,5.34
16,5.34
16,5.34
16,5.34
16,5.34
16,5.34
16,5.34
16,5.34
16,5.34
16,5.34
16,5.34
16,5.34
16,5.34
16,5.34
16,5.34
16,5.34
16,5.34
16,5.34
16,5.34
16,5.34
16,5.34
16,5.34
16,5.34
23,5.32
23,5.32
23,5.32
23,5.32
23,5.32
23,5.32
23,5.32
23,5.32
23,5.32
23,5.32
23,5.32
23,5.32
23,5.32
23,5.32
23,5.32
23,5.32
23,5.32
23,5.32
23,5.32
23,5.32
23,5.32
23,5.32
23,5.32
23,5.32
23,5.32
23,5.32
23,5.32
23,5.32
23,5.32
23,5.32
23,5.32
23,5.32
23,5.32
23,5.32
23,5.32
23,5.32
23,5.32
23,5.32
23,5.32
23,5.32
23,5.32
23,5.32
23,5.32
23,5.32
23,5.32
23,5.32
23,5.32
23,5.32
23,5.32
23,5.32
23,5.32
23,5.32
23,5.32
23,5.32
23,5.32
23,5.32
23,5.32
23,5.32
23,5.32
23,5.32
23,5.32
23,5.32
23,5.32
23,5.32
23,5.32
23,5.32
23,5.32
23,5.32
23,5.32
23,5.32
23,5.32
23,5.32
23,5.32
23,5.32
23,5.32
23,5.32
23,5.32
23,5.32
23,5.32
23,5.32
23,5.32
23,5.32
23,5.32
23,5.32
23,5.32
23,5.32
23,5.32
23,5.32
23,5.32
23,5.32
23,5.32
23,5.32
23,5.32
23,5.32
23,5.32
23,5.32
23,5.32
23,5.32
23,5.32
23,5.32
23,5.32
23,5.32
23,5.32
23,5.32
23,5.32
23,5.32
23,5.32
23,5.32
23,5.32
23,5.32
23,5.32
23,5.32
23,5.32
23,5.32
23,5.32
23,5.32
23,5.32
23,5.32
23,5.32
23,5.32
23,5.32
23,5.32
23,5.32
23,5.32
23,5.32
23,5.32
23,5.32
23,5.32
23,5.32
23,5.32
23,5.32
23,5.32
4,5.29
4,5.29
4,5.29
4,5.29
4,5.29
4,5.29
4,5.29
4,5.29
4,5.29
4,5.29
4,5.29
4,5.29
4,5.29
4,5.29
4,5.29
4,5.29
4,5.29
4,5.29
4,5.29
4,5.28
4,5.28
4,5.28
4,5.28
4,5.28
4,5.28
4,5.28
4,5.28
4,5.28
4,5.28
4,5.28
4,5.28
4,5.28
4,5.28
4,5.28
4,5.28
4,5.28
4,5.28
4,5.28
4,5.28
4,5.28
4,5.28
4,5.28
4,5.28
4,5.28
4,5.28
4,5.28
4,5.28
4,5.28
4,5.28
4,5.28
4,5.28
4,5.28
4,5.28
4,5.28
4,5.28
4,5.28
4,5.28
4,5.28
4,5.28
4,5.28
4,5.28
4,5.28
4,5.28
4,5.28
4,5.28
4,5.28
4,5.28
4,5.28
4,5.28
4,5.28
4,5.28
4,5.28
4,5.28
4,5.28
4,5.28
4,5.28
4,5.28
4,5.28
4,5.28
4,5.28
4,5.28
4,5.28
4,5.28
4,5.28
4,5.28
4,5.28
4,5.28
4,5.28
4,5.28
4,5.28
4,5.28
4,5.28
6,5.27
6,5.27
6,5.27
6,5.27
6,5.27
6,5.27
6,5.27
6,5.27
6,5.27
6,5.27
6,5.27
6,5.27
6,5.27
6,5.27
6,5.27
6,5.27
6,5.27
6,5.27
6,5.27
6,5.27
6,5.27
6,5.27
6,5.27
6,5.27
23,5.26
23,5.26
23,5.26
23,5.26
23,5.26
23,5.26
23,5.26
23,5.26
23,5.26
23,5.26
23,5.26
23,5.26
8,5.26
8,5.26
8,5.26
8,5.26
8,5.26
8,5.26
8,5.26
8,5.26
8,5.26
8,5.26
8,5.26
16,5.26
16,5.26
16,5.26
16,5.26
16,5.26
16,5.26
16,5.26
16,5.26
16,5.26
16,5.26
16,5.26
16,5.26
16,5.26
16,5.26
16,5.26
16,5.26
16,5.26
16,5.26
16,5.26
16,5.26
16,5.26
16,5.26
16,5.26
16,5.26
16,5.26
16,5.26
16,5.26
16,5.26
16,5.26
16,5.26
16,5.26
16,5.26
16,5.26
16,5.26
16,5.26
16,5.26
16,5.26
16,5.26
16,5.26
16,5.26
16,5.26
16,5.26
16,5.26
16,5.26
16,5.26
16,5.26
16,5.26
16,5.26
16,5.26
16,5.26
16,5.26
16,5.26
16,5.26
16,5.26
16,5.26
16,5.26
16,5.26
16,5.26
16,5.26
16,5.26
16,5.26
16,5.26
16,5.26
16,5.26
16,5.26
16,5.26
16,5.26
16,5.26
16,5.26
16,5.26
16,5.26
16,5.26
16,5.26
16,5.26
16,5.26
16,5.26
16,5.26
17,5.22
17,5.22
17,5.22
17,5.22
17,5.22
17,5.22
17,5.22
17,5.22
17,5.22
17,5.22
17,5.22
17,5.22
17,5.22
17,5.22
17,5.22
17,5.22
17,5.22
17,5.22
17,5.22
17,5.22
17,5.22
17,5.22
17,5.22
17,5.22
17,5.22
17,5.22
17,5.22
17,5.22
17,5.22
17,5.22
17,5.22
17,5.22
17,5.22
17,5.22
17,5.22
17,5.22
17,5.22
17,5.22
17,5.22
17,5.22
17,5.22
17,5.22
17,5.22
17,5.22
17,5.22
17,5.22
17,5.22
17,5.22
17,5.22
17,5.22
17,5.22
17,5.22
17,5.22
17,5.22
17,5.22
17,5.22
17,5.22
17,5.22
17,5.22
17,5.22
17,5.22
17,5.22
17,5.22
17,5.22
17,5.22
17,5.22
17,5.22
17,5.22
17,5.22
17,5.22
17,5.22
17,5.22
17,5.22
17,5.22
17,5.22
17,5.22
17,5.22
17,5.22
17,5.22
17,5.22
17,5.22
17,5.22
17,5.22
17,5.22
17,5.22
17,5.22
17,5.22
17,5.22
17,5.22
17,5.22
17,5.22
17,5.22
17,5.22
17,5.22
17,5.22
17,5.22
17,5.22
17,5.22
17,5.22
17,5.22
17,5.22
17,5.22
17,5.22
17,5.22
17,5.22
17,5.22
17,5.22
17,5.22
17,5.22
17,5.22
17,5.22
17,5.22
17,5.22
17,5.22
17,5.22
17,5.22
17,5.22
17,5.22
17,5.22
17,5.22
17,5.22
17,5.22
17,5.22
17,5.22
17,5.22
17,5.22
17,5.22
17,5.22
17,5.22
17,5.22
16,5.2
16,5.2
16,5.2
16,5.2
16,5.2
16,5.2
16,5.2
16,5.2
16,5.2
16,5.2
16,5.2
16,5.2
16,5.2
16,5.2
12,5.18
12,5.18
12,5.18
12,5.18
12,5.18
12,5.18
12,5.18
12,5.18
12,5.18
12,5.18
12,5.18
12,5.18
12,5.18
12,5.18
12,5.18
12,5.18
12,5.18
12,5.18
12,5.18
12,5.18
12,5.18
12,5.18
12,5.18
12,5.18
12,5.18
12,5.18
12,5.18
12,5.18
12,5.18
12,5.18
12,5.18
12,5.18
12,5.18
12,5.18
12,5.18
12,5.15
12,5.15
12,5.15
12,5.15
12,5.15
12,5.15
12,5.15
12,5.15
12,5.15
12,5.15
12,5.15
12,5.15
12,5.15
12,5.15
12,5.15
12,5.15
12,5.15
12,5.15
12,5.15
12,5.15
12,5.15
12,5.15
12,5.15
12,5.15
12,5.15
12,5.15
12,5.15
12,5.15
12,5.15
12,5.15
12,5.15
12,5.15
12,5.15
12,5.15
12,5.15
12,5.15
12,5.15
12,5.15
12,5.15
12,5.15
12,5.15
12,5.15
12,5.15
12,5.15
12,5.15
12,5.15
12,5.15
12,5.15
12,5.15
12,5.15
12,5.15
12,5.15
12,5.15
12,5.15
12,5.15
12,5.15
12,5.15
12,5.15
12,5.15
12,5.15
12,5.15
12,5.15
12,5.15
12,5.15
12,5.15
12,5.15
12,5.15
12,5.15
12,5.15
12,5.15
12,5.15
12,5.15
12,5.15
12,5.15
12,5.15
12,5.15
12,5.15
12,5.15
12,5.15
12,5.15
12,5.15
12,5.15
12,5.15
12,5.15
12,5.15
12,5.15
12,5.15
12,5.15
12,5.15
12,5.15
12,5.15
12,5.15
12,5.15
12,5.15
12,5.15
16,5.11
16,5.11
16,5.11
16,5.11
16,5.11
16,5.11
16,5.11
16,5.11
16,5.11
16,5.11
16,5.11
16,5.11
16,5.11
16,5.11
16,5.11
16,5.11
16,5.11
16,5.11
16,5.11
16,5.11
16,5.11
16,5.11
16,5.09
16,5.09
16,5.09
16,5.09
16,5.09
16,5.09
16,5.09
16,5.09
16,5.09
16,5.09
16,5.09
16,5.09
16,5.09
16,5.07
16,5.07
16,5.07
16,5.07
16,5.07
16,5.07
16,5.07
16,5.07
16,5.07
16,5.07
16,5.07
4,5.05
4,5.05
4,5.05
4,5.05
4,5.05
4,5.05
4,5.05
4,5.05
4,5.05
4,5.05
4,5.05
4,5.05
4,5.05
4,5.05
4,5.05
4,5.05
4,5.05
4,5.05
4,5.05
4,5.05
4,5.05
4,5.05
4,5.05
4,5.05
4,5.05
4,5.05
4,5.05
4,5.05
4,5.05
4,5.05
4,5.05
4,5.05
4,5.05
4,5.05
4,5.05
4,5.05
4,5.05
4,5.05
4,5.05
4,5.05
4,5.05
6,5.01
6,5.01
6,5.01
6,5.01
6,5.01
6,5.01
6,5.01
6,5.01
6,5.01
6,5.01
6,5.01
6,5.01
6,5.01
6,5.01
6,5.01
6,5.01
6,5.01
6,5.01
6,5.01
6,5.01
6,5.01
6,5.01
6,5.01
6,5.01
6,5.01
6,5.01
6,5.01
6,5.01
6,5.01
6,5.01
6,5.01
6,5.01
6,5.01
6,5.01
6,5.01
6,5.01
6,5.01
6,5.01
6,5.01
6,5.01
8,5.0
8,5.0
8,5.0
8,5.0
8,5.0
8,5.0
8,5.0
8,5.0
8,5.0
8,5.0
8,5.0
8,5.0
8,5.0
8,5.0
8,5.0
8,5.0
8,5.0
8,5.0
8,5.0
8,5.0
8,5.0
8,5.0
8,5.0
8,5.0
8,5.0
8,5.0
8,5.0
8,5.0
8,5.0
8,5.0
8,5.0
8,5.0
8,5.0
8,5.0
8,5.0
8,5.0
8,5.0
8,5.0
8,5.0
8,5.0
8,5.0
8,5.0
8,5.0
8,5.0
8,5.0
8,5.0
8,5.0
8,5.0
8,5.0
8,5.0
8,5.0
8,5.0
8,5.0
8,5.0
8,5.0
8,5.0
8,5.0
8,5.0
8,5.0
8,5.0
8,5.0
8,5.0
8,5.0
8,5.0
8,5.0
8,5.0
8,5.0
8,5.0
8,5.0
8,5.0
8,5.0
8,5.0
8,5.0
8,5.0
8,5.0
8,5.0
8,5.0
8,5.0
8,5.0
8,5.0
8,5.0
8,5.0
8,5.0
8,5.0
8,5.0
8,5.0
8,5.0
8,5.0
8,5.0
8,5.0
8,5.0
8,5.0
8,5.0
8,5.0
8,5.0
8,5.0
8,5.0
8,5.0
8,5.0
8,5.0
8,5.0
8,5.0
8,5.0
8,5.0
8,5.0
8,5.0
8,5.0
8,5.0
8,5.0
8,5.0
8,5.0
8,5.0
8,5.0
8,5.0
8,5.0
8,5.0
8,5.0
8,5.0
8,5.0
8,5.0
8,5.0
8,5.0
8,5.0
8,5.0
8,5.0
8,5.0
8,5.0
8,5.0
8,5.0
8,5.0
8,5.0
8,5.0
8,5.0
8,5.0
8,5.0
8,5.0
8,5.0
8,5.0
8,5.0
8,5.0
8,5.0
8,5.0
8,5.0
8,5.0
8,5.0
8,5.0
8,5.0
8,5.0
8,5.0
8,5.0
8,5.0
8,5.0
8,5.0
8,5.0
8,5.0
8,5.0
8,5.0
8,5.0
8,5.0
8,5.0
8,5.0
8,5.0
8,5.0
8,5.0
8,5.0
8,5.0
8,5.0
8,5.0
8,5.0
8,5.0
8,5.0
8,5.0
8,5.0
8,5.0
8,5.0
8,5.0
8,5.0
8,5.0
8,5.0
8,5.0
8,5.0
8,5.0
8,5.0
8,5.0
8,5.0
8,5.0
8,5.0
8,5.0
8,5.0
8,5.0
8,5.0
8,5.0
8,5.0
8,5.0
8,5.0
8,5.0
8,5.0
8,5.0
8,5.0
8,5.0
8,5.0
8,5.0
8,5.0
8,5.0
8,5.0
8,5.0
8,5.0
8,5.0
8,5.0
8,5.0
8,5.0
8,5.0
8,5.0
8,5.0
8,5.0
8,5.0
8,5.0
8,5.0
8,5.0
8,5.0
8,5.0
8,5.0
8,5.0
8,5.0
8,5.0
8,5.0
8,5.0
8,5.0
8,5.0
8,5.0
8,5.0
8,5.0
8,5.0
8,5.0
8,5.0
8,5.0
8,5.0
8,5.0
8,5.0
8,5.0
8,5.0
32,4.99
32,4.99
32,4.99
32,4.99
32,4.99
32,4.99
32,4.99
32,4.99
32,4.99
32,4.99
32,4.99
32,4.99
32,4.99
32,4.99
32,4.99
32,4.99
32,4.99
32,4.99
32,4.99
32,4.99
32,4.99
12,4.98
12,4.98
12,4.98
12,4.98
12,4.98
12,4.98
12,4.98
12,4.98
12,4.98
12,4.98
12,4.98
12,4.98
12,4.98
12,4.98
12,4.98
12,4.98
12,4.98
12,4.98
12,4.98
12,4.98
12,4.98
12,4.98
12,4.98
12,4.98
12,4.98
12,4.98
12,4.98
12,4.98
12,4.98
12,4.98
12,4.98
12,4.98
12,4.98
12,4.98
12,4.96
12,4.96
12,4.96
12,4.96
12,4.96
12,4.96
12,4.96
12,4.96
12,4.96
12,4.96
6,4.95
6,4.95
6,4.95
6,4.95
6,4.95
6,4.95
6,4.95
6,4.95
6,4.95
6,4.95
16,4.87
16,4.87
16,4.87
16,4.87
16,4.87
16,4.87
16,4.87
16,4.87
16,4.87
16,4.87
16,4.87
16,4.87
16,4.87
16,4.87
16,4.87
6,4.87
6,4.87
6,4.87
6,4.87
6,4.87
6,4.87
6,4.87
6,4.87
6,4.87
6,4.87
6,4.87
6,4.87
6,4.87
6,4.87
6,4.87
6,4.87
6,4.87
6,4.87
6,4.87
6,4.87
6,4.87
6,4.87
6,4.87
6,4.87
6,4.87
6,4.87
6,4.87
6,4.87
6,4.87
6,4.87
6,4.87
6,4.87
6,4.87
6,4.87
6,4.87
6,4.87
6,4.87
6,4.87
6,4.87
6,4.87
6,4.87
6,4.87
6,4.87
6,4.87
6,4.87
6,4.87
6,4.87
6,4.87
6,4.87
6,4.87
6,4.87
6,4.87
6,4.87
6,4.87
6,4.87
6,4.87
6,4.87
6,4.87
6,4.87
6,4.87
6,4.87
6,4.87
6,4.87
6,4.87
6,4.87
6,4.87
6,4.87
6,4.87
6,4.87
16,4.87
16,4.87
16,4.87
16,4.87
16,4.87
16,4.87
16,4.87
16,4.87
16,4.87
16,4.87
16,4.87
16,4.87
16,4.87
16,4.87
16,4.87
16,4.87
16,4.87
16,4.87
16,4.87
16,4.87
16,4.87
16,4.87
16,4.87
16,4.87
16,4.87
16,4.87
16,4.87
16,4.87
16,4.87
16,4.87
16,4.87
16,4.87
16,4.87
16,4.87
16,4.87
16,4.87
16,4.87
16,4.87
16,4.87
16,4.87
16,4.87
16,4.87
16,4.87
16,4.87
16,4.87
16,4.87
16,4.87
16,4.87
16,4.87
16,4.87
16,4.87
16,4.87
16,4.87
16,4.87
16,4.87
16,4.87
16,4.87
16,4.87
16,4.87
16,4.87
16,4.87
16,4.87
16,4.87
16,4.87
16,4.87
16,4.87
16,4.87
16,4.87
16,4.87
16,4.87
16,4.87
16,4.87
16,4.87
16,4.87
16,4.87
16,4.87
16,4.87
16,4.87
16,4.87
16,4.87
16,4.87
16,4.87
16,4.87
16,4.87
16,4.87
16,4.87
16,4.87
16,4.87
16,4.87
16,4.87
16,4.87
16,4.87
16,4.87
16,4.87
16,4.87
16,4.87
16,4.87
16,4.87
16,4.87
16,4.87
16,4.87
16,4.87
16,4.87
16,4.87
16,4.87
16,4.87
16,4.87
16,4.87
16,4.87
16,4.87
16,4.87
16,4.87
16,4.87
16,4.87
16,4.87
16,4.87
16,4.87
16,4.87
16,4.87
16,4.87
16,4.87
16,4.87
16,4.87
16,4.87
16,4.87
16,4.87
16,4.87
16,4.87
16,4.87
16,4.87
16,4.87
16,4.87
16,4.87
16,4.87
16,4.87
16,4.87
16,4.87
16,4.87
16,4.87
16,4.87
16,4.87
16,4.87
16,4.87
16,4.87
16,4.87
16,4.87
16,4.87
16,4.87
16,4.87
16,4.87
16,4.87
16,4.87
16,4.87
16,4.87
16,4.87
16,4.87
16,4.87
16,4.87
16,4.87
16,4.87
16,4.87
16,4.87
16,4.87
16,4.87
16,4.87
16,4.87
16,4.87
16,4.87
16,4.87
16,4.87
16,4.87
16,4.87
16,4.87
16,4.87
16,4.87
16,4.87
16,4.87
16,4.87
16,4.87
16,4.87
16,4.87
16,4.87
16,4.87
16,4.87
16,4.87
16,4.87
16,4.87
16,4.87
16,4.87
16,4.87
16,4.87
16,4.87
16,4.87
16,4.87
16,4.87
4,4.87
4,4.87
4,4.87
4,4.87
4,4.87
4,4.87
4,4.87
4,4.87
4,4.87
4,4.87
4,4.87
4,4.87
4,4.87
4,4.87
4,4.87
4,4.87
4,4.87
4,4.87
4,4.87
4,4.87
4,4.87
4,4.87
4,4.87
4,4.87
4,4.87
4,4.87
4,4.87
4,4.87
4,4.86
4,4.86
4,4.86
4,4.86
4,4.86
4,4.86
4,4.86
4,4.86
4,4.86
4,4.86
4,4.86
4,4.86
4,4.86
4,4.86
4,4.86
4,4.86
4,4.86
4,4.86
12,4.86
12,4.86
12,4.86
12,4.86
12,4.86
12,4.86
12,4.86
12,4.86
12,4.86
12,4.86
12,4.86
12,4.86
12,4.86
12,4.86
12,4.86
12,4.86
12,4.86
12,4.86
12,4.86
12,4.86
12,4.86
12,4.86
12,4.86
12,4.86
12,4.86
12,4.86
12,4.86
12,4.86
12,4.86
12,4.86
12,4.86
12,4.86
12,4.86
12,4.86
12,4.86
12,4.86
12,4.86
12,4.86
12,4.86
12,4.86
12,4.86
12,4.86
12,4.86
12,4.86
12,4.86
12,4.86
12,4.86
12,4.86
12,4.86
12,4.86
12,4.86
12,4.86
12,4.86
12,4.86
12,4.86
12,4.86
12,4.86
12,4.86
12,4.86
12,4.86
12,4.86
12,4.86
12,4.86
12,4.86
12,4.86
12,4.86
12,4.86
12,4.86
12,4.86
12,4.86
12,4.86
12,4.86
12,4.86
12,4.86
12,4.86
12,4.86
12,4.86
12,4.86
12,4.86
12,4.86
12,4.86
12,4.86
12,4.86
12,4.86
12,4.86
12,4.86
12,4.86
12,4.86
12,4.86
12,4.86
12,4.86
12,4.86
12,4.86
12,4.86
12,4.86
12,4.86
12,4.86
12,4.86
12,4.86
12,4.86
12,4.86
12,4.86
12,4.86
12,4.86
12,4.86
12,4.86
12,4.86
12,4.86
12,4.86
12,4.86
12,4.86
12,4.86
12,4.86
12,4.86
12,4.86
12,4.86
12,4.86
12,4.86
12,4.86
12,4.86
12,4.86
12,4.86
12,4.86
12,4.86
12,4.86
12,4.86
12,4.86
12,4.86
12,4.86
12,4.86
12,4.86
12,4.86
12,4.86
12,4.86
12,4.86
12,4.86
12,4.86
12,4.86
12,4.86
12,4.86
12,4.86
12,4.86
12,4.86
12,4.86
12,4.86
12,4.86
12,4.86
12,4.86
12,4.86
12,4.86
12,4.86
12,4.86
12,4.86
12,4.86
12,4.86
12,4.86
12,4.86
12,4.86
12,4.86
12,4.86
12,4.86
12,4.86
12,4.86
12,4.86
12,4.86
12,4.86
12,4.86
12,4.86
12,4.86
12,4.86
12,4.86
12,4.86
12,4.86
12,4.86
12,4.86
12,4.86
12,4.86
12,4.86
12,4.86
12,4.86
12,4.86
12,4.86
12,4.86
12,4.86
12,4.86
12,4.86
12,4.86
12,4.86
12,4.86
12,4.86
12,4.86
12,4.86
12,4.86
12,4.86
12,4.86
12,4.86
12,4.86
12,4.86
12,4.86
12,4.86
12,4.86
12,4.86
12,4.86
12,4.86
12,4.86
12,4.86
12,4.86
12,4.86
12,4.86
12,4.86
12,4.86
12,4.86
12,4.86
12,4.86
12,4.86
12,4.86
12,4.86
12,4.86
12,4.86
12,4.86
12,4.86
12,4.86
12,4.86
12,4.86
12,4.86
12,4.86
12,4.86
12,4.86
12,4.86
12,4.86
12,4.86
12,4.86
12,4.86
12,4.86
12,4.86
12,4.86
12,4.86
12,4.86
12,4.86
12,4.86
12,4.86
12,4.86
12,4.86
12,4.86
12,4.86
12,4.86
12,4.86
12,4.86
12,4.86
12,4.86
12,4.86
12,4.86
12,4.86
12,4.86
12,4.86
12,4.86
12,4.86
12,4.86
12,4.86
12,4.86
12,4.86
12,4.86
12,4.86
12,4.86
12,4.86
12,4.86
12,4.86
12,4.86
12,4.86
12,4.86
12,4.86
12,4.86
12,4.86
12,4.86
12,4.86
12,4.86
12,4.86
12,4.86
12,4.86
12,4.86
12,4.86
12,4.86
12,4.86
12,4.86
12,4.86
12,4.86
12,4.86
12,4.86
12,4.86
12,4.86
12,4.86
12,4.86
12,4.86
12,4.86
12,4.86
12,4.86
12,4.86
12,4.86
12,4.86
12,4.86
12,4.86
12,4.86
12,4.86
12,4.86
12,4.86
12,4.86
12,4.86
12,4.86
12,4.86
12,4.86
12,4.86
4,4.85
4,4.85
4,4.85
4,4.85
4,4.85
4,4.85
4,4.85
4,4.85
4,4.85
4,4.85
4,4.85
4,4.85
4,4.85
4,4.85
4,4.85
4,4.85
4,4.85
4,4.85
4,4.85
4,4.85
4,4.85
4,4.85
4,4.85
4,4.85
4,4.85
4,4.85
4,4.85
4,4.85
4,4.85
4,4.85
4,4.85
4,4.85
4,4.85
4,4.85
4,4.85
4,4.85
4,4.85
4,4.85
4,4.85
4,4.85
4,4.85
4,4.85
4,4.85
4,4.85
4,4.85
4,4.85
4,4.85
4,4.85
4,4.85
4,4.85
4,4.85
4,4.85
4,4.85
4,4.85
4,4.85
8,4.84
8,4.84
8,4.84
8,4.84
8,4.84
8,4.84
8,4.84
8,4.84
8,4.84
8,4.84
8,4.84
8,4.84
8,4.84
8,4.84
8,4.84
8,4.84
8,4.84
8,4.84
8,4.84
8,4.84
8,4.84
8,4.84
8,4.84
8,4.84
8,4.84
8,4.84
8,4.84
8,4.84
8,4.84
8,4.84
8,4.84
4,4.82
4,4.82
4,4.82
4,4.82
4,4.82
4,4.82
4,4.82
4,4.82
4,4.82
4,4.82
4,4.82
4,4.82
4,4.82
4,4.82
4,4.82
4,4.82
4,4.82
4,4.82
4,4.82
4,4.82
12,4.82
12,4.82
12,4.82
12,4.82
12,4.82
12,4.82
12,4.82
12,4.82
12,4.82
12,4.82
12,4.82
12,4.82
12,4.82
12,4.82
12,4.82
12,4.82
12,4.82
12,4.82
12,4.82
12,4.82
12,4.82
12,4.82
12,4.82
12,4.82
12,4.82
12,4.82
12,4.82
12,4.82
12,4.82
12,4.82
12,4.82
12,4.82
12,4.82
12,4.82
12,4.82
12,4.82
12,4.82
12,4.82
12,4.82
12,4.82
12,4.82
12,4.82
12,4.82
12,4.82
12,4.82
12,4.82
12,4.82
12,4.82
12,4.82
12,4.79
12,4.79
12,4.79
12,4.79
12,4.79
12,4.79
12,4.79
12,4.79
12,4.79
12,4.79
12,4.79
12,4.79
12,4.79
12,4.79
12,4.79
12,4.79
12,4.79
12,4.79
12,4.79
12,4.79
12,4.79
12,4.79
12,4.79
12,4.79
12,4.79
12,4.79
12,4.79
12,4.79
12,4.79
12,4.79
12,4.79
12,4.79
12,4.79
12,4.79
12,4.79
12,4.79
12,4.79
12,4.79
12,4.79
12,4.79
12,4.79
12,4.79
12,4.79
12,4.79
12,4.79
12,4.79
12,4.79
12,4.79
12,4.79
12,4.79
12,4.79
12,4.79
12,4.79
12,4.79
12,4.79
12,4.79
12,4.79
12,4.79
12,4.79
12,4.79
12,4.79
12,4.79
12,4.79
12,4.79
12,4.79
12,4.79
12,4.79
12,4.79
12,4.79
12,4.79
12,4.79
12,4.79
12,4.79
12,4.79
12,4.79
12,4.79
12,4.79
12,4.79
12,4.79
12,4.79
12,4.79
12,4.79
12,4.79
12,4.79
12,4.79
12,4.79
12,4.79
12,4.79
12,4.79
12,4.79
12,4.79
12,4.79
12,4.79
12,4.79
12,4.79
12,4.79
12,4.79
12,4.79
12,4.79
12,4.79
12,4.79
12,4.79
12,4.79
12,4.79
12,4.79
12,4.79
12,4.79
12,4.79
12,4.79
12,4.79
12,4.79
12,4.79
12,4.79
12,4.79
12,4.79
12,4.79
12,4.79
12,4.79
12,4.79
12,4.79
12,4.79
12,4.79
12,4.79
12,4.79
12,4.79
12,4.79
12,4.79
12,4.79
12,4.79
12,4.79
12,4.79
12,4.79
12,4.79
12,4.79
12,4.79
12,4.79
12,4.79
12,4.79
12,4.79
12,4.79
12,4.79
12,4.79
12,4.79
12,4.79
12,4.79
12,4.79
12,4.79
12,4.79
12,4.79
12,4.79
12,4.79
12,4.79
12,4.79
12,4.79
12,4.79
12,4.79
12,4.79
12,4.79
12,4.79
12,4.79
12,4.79
12,4.79
12,4.79
12,4.79
12,4.79
12,4.79
12,4.79
12,4.79
12,4.79
12,4.79
12,4.79
12,4.79
12,4.79
12,4.79
12,4.79
12,4.79
12,4.79
12,4.79
12,4.79
12,4.79
12,4.79
12,4.79
12,4.79
12,4.79
12,4.79
12,4.79
12,4.79
12,4.79
12,4.79
12,4.79
12,4.79
12,4.79
12,4.79
12,4.79
12,4.79
12,4.79
12,4.79
12,4.79
12,4.79
12,4.79
12,4.79
12,4.79
12,4.79
12,4.79
12,4.79
12,4.79
12,4.79
12,4.79
12,4.79
12,4.79
12,4.79
12,4.79
12,4.79
12,4.79
12,4.79
12,4.79
12,4.79
12,4.79
12,4.79
12,4.79
12,4.79
12,4.79
12,4.79
12,4.79
12,4.79
12,4.79
12,4.79
12,4.79
12,4.79
12,4.79
12,4.79
12,4.79
12,4.79
12,4.79
12,4.79
12,4.79
12,4.79
12,4.79
12,4.79
12,4.79
12,4.79
12,4.79
12,4.79
12,4.79
12,4.79
12,4.79
12,4.79
12,4.79
12,4.79
12,4.79
12,4.79
12,4.79
12,4.79
12,4.79
12,4.79
12,4.79
12,4.79
12,4.79
12,4.79
12,4.79
12,4.79
12,4.79
12,4.79
12,4.79
12,4.79
12,4.79
12,4.79
12,4.79
12,4.79
12,4.79
12,4.79
12,4.79
12,4.79
12,4.79
12,4.79
12,4.79
12,4.79
12,4.79
12,4.79
12,4.79
12,4.79
12,4.79
12,4.79
12,4.79
12,4.79
12,4.79
12,4.79
12,4.79
12,4.79
12,4.79
12,4.79
12,4.79
12,4.79
12,4.79
12,4.79
12,4.79
12,4.79
12,4.79
12,4.79
12,4.79
12,4.79
12,4.79
12,4.79
12,4.79
12,4.79
12,4.79
12,4.79
12,4.79
12,4.79
12,4.79
12,4.79
12,4.79
12,4.79
12,4.79
12,4.79
12,4.79
12,4.79
12,4.79
12,4.79
12,4.79
12,4.79
12,4.79
12,4.79
12,4.79
12,4.79
12,4.79
12,4.79
12,4.79
12,4.79
12,4.79
12,4.79
12,4.79
12,4.79
12,4.79
12,4.79
12,4.79
12,4.79
12,4.79
12,4.79
12,4.79
12,4.79
12,4.79
12,4.79
12,4.79
12,4.79
12,4.79
12,4.79
12,4.79
12,4.79
12,4.79
12,4.79
12,4.79
12,4.79
12,4.79
12,4.79
12,4.79
12,4.79
12,4.79
12,4.79
12,4.79
12,4.79
12,4.79
12,4.79
6,4.78
6,4.78
6,4.78
6,4.78
6,4.78
6,4.78
6,4.78
6,4.78
6,4.78
6,4.78
12,4.77
12,4.77
12,4.77
12,4.77
12,4.77
12,4.77
12,4.77
12,4.77
12,4.77
12,4.77
12,4.77
12,4.77
12,4.77
12,4.77
12,4.77
12,4.77
12,4.77
12,4.77
12,4.77
12,4.77
12,4.77
12,4.77
12,4.77
12,4.77
12,4.77
12,4.77
12,4.77
12,4.77
12,4.77
12,4.77
12,4.77
12,4.77
12,4.77
12,4.77
12,4.77
12,4.77
12,4.77
12,4.77
12,4.77
12,4.77
12,4.77
12,4.77
12,4.77
8,4.76
8,4.76
8,4.76
8,4.76
8,4.76
8,4.76
8,4.76
8,4.76
8,4.76
8,4.76
8,4.76
16,4.75
16,4.75
16,4.75
16,4.75
16,4.75
16,4.75
16,4.75
16,4.75
16,4.75
16,4.75
8,4.74
8,4.74
8,4.74
8,4.74
8,4.74
8,4.74
8,4.74
8,4.74
8,4.74
8,4.74
8,4.74
8,4.74
8,4.74
8,4.74
8,4.74
8,4.74
8,4.74
8,4.74
8,4.74
8,4.74
8,4.74
8,4.74
8,4.74
8,4.74
8,4.74
8,4.74
8,4.74
8,4.74
8,4.74
8,4.74
8,4.74
8,4.74
8,4.74
8,4.74
8,4.74
8,4.74
8,4.74
8,4.74
8,4.74
8,4.74
8,4.74
8,4.74
8,4.74
8,4.74
8,4.74
8,4.74
8,4.74
8,4.74
8,4.74
8,4.74
8,4.74
8,4.74
8,4.74
8,4.74
8,4.74
8,4.74
8,4.74
8,4.74
8,4.74
8,4.74
8,4.74
8,4.74
8,4.74
8,4.74
8,4.74
8,4.74
8,4.74
8,4.74
8,4.74
8,4.74
8,4.74
8,4.74
8,4.74
8,4.74
8,4.74
8,4.74
8,4.74
8,4.74
8,4.74
8,4.74
8,4.74
8,4.74
8,4.74
8,4.74
8,4.74
8,4.74
8,4.74
8,4.74
8,4.74
8,4.74
8,4.74
8,4.74
8,4.74
8,4.74
8,4.74
8,4.74
8,4.74
8,4.74
8,4.74
8,4.74
8,4.74
8,4.74
8,4.74
8,4.74
8,4.74
8,4.74
8,4.74
8,4.74
8,4.74
8,4.74
8,4.74
8,4.74
8,4.74
8,4.74
8,4.74
8,4.74
8,4.74
8,4.74
8,4.74
8,4.74
8,4.74
8,4.74
8,4.74
8,4.74
8,4.74
8,4.74
8,4.74
8,4.74
8,4.74
8,4.74
8,4.74
8,4.74
8,4.74
8,4.74
8,4.74
8,4.74
8,4.74
8,4.74
8,4.74
8,4.74
8,4.74
8,4.74
8,4.74
8,4.74
8,4.74
8,4.74
8,4.74
8,4.74
8,4.74
8,4.74
8,4.74
8,4.74
8,4.74
8,4.74
8,4.74
8,4.74
8,4.74
8,4.74
8,4.74
8,4.74
8,4.74
8,4.74
8,4.74
8,4.74
8,4.74
8,4.74
8,4.74
8,4.74
8,4.74
8,4.74
8,4.74
8,4.74
8,4.74
8,4.74
8,4.74
8,4.74
8,4.74
8,4.74
8,4.74
8,4.74
8,4.74
8,4.74
8,4.74
8,4.74
8,4.74
8,4.74
8,4.74
8,4.74
8,4.74
8,4.74
8,4.74
8,4.74
8,4.74
8,4.74
8,4.74
8,4.74
8,4.74
8,4.74
8,4.74
8,4.74
8,4.74
8,4.74
8,4.74
8,4.74
8,4.74
8,4.74
8,4.74
8,4.74
8,4.74
8,4.74
8,4.74
8,4.74
8,4.74
8,4.74
8,4.74
8,4.74
8,4.74
8,4.74
8,4.74
8,4.74
8,4.74
8,4.74
8,4.74
8,4.74
8,4.74
8,4.74
8,4.74
8,4.74
8,4.74
8,4.74
8,4.74
8,4.74
8,4.74
8,4.74
8,4.74
8,4.74
8,4.74
8,4.74
8,4.74
8,4.74
8,4.74
8,4.74
8,4.74
8,4.74
8,4.74
8,4.74
8,4.74
8,4.74
8,4.74
8,4.74
8,4.74
8,4.74
8,4.74
8,4.74
8,4.74
6,4.73
6,4.73
6,4.73
6,4.73
6,4.73
6,4.73
6,4.73
6,4.73
6,4.73
6,4.73
6,4.73
6,4.73
6,4.73
6,4.73
6,4.73
6,4.73
6,4.73
6,4.73
6,4.73
6,4.73
6,4.73
6,4.73
6,4.73
6,4.73
6,4.73
6,4.73
6,4.73
6,4.73
6,4.73
6,4.73
6,4.73
6,4.73
6,4.73
6,4.73
6,4.73
6,4.73
6,4.73
6,4.73
6,4.73
6,4.73
6,4.73
6,4.73
6,4.73
6,4.73
6,4.73
6,4.73
6,4.73
6,4.73
6,4.73
6,4.73
6,4.73
19,4.72
19,4.72
19,4.72
19,4.72
19,4.72
19,4.72
19,4.72
19,4.72
19,4.72
19,4.72
8,4.7
8,4.7
8,4.7
8,4.7
8,4.7
8,4.7
8,4.7
8,4.7
8,4.7
8,4.7
8,4.7
8,4.7
8,4.7
8,4.7
8,4.7
8,4.7
8,4.7
8,4.7
8,4.7
8,4.7
8,4.7
8,4.7
8,4.7
8,4.7
8,4.7
8,4.7
8,4.7
8,4.7
8,4.7
4,4.7
4,4.7
4,4.7
4,4.7
4,4.7
4,4.7
4,4.7
4,4.7
4,4.7
4,4.7
4,4.7
4,4.7
4,4.7
4,4.7
4,4.7
4,4.7
4,4.7
4,4.7
4,4.7
4,4.7
4,4.7
4,4.7
4,4.7
4,4.7
4,4.7
4,4.7
4,4.7
4,4.7
4,4.7
4,4.7
4,4.7
4,4.7
4,4.7
4,4.7
4,4.7
4,4.7
4,4.7
4,4.7
4,4.7
4,4.7
4,4.7
4,4.7
4,4.7
4,4.7
4,4.7
4,4.7
4,4.7
4,4.7
4,4.7
4,4.7
4,4.7
4,4.7
4,4.7
4,4.7
4,4.7
4,4.7
4,4.7
4,4.7
20,4.7
20,4.7
20,4.7
20,4.7
20,4.7
20,4.7
20,4.7
20,4.7
20,4.7
20,4.7
20,4.7
20,4.7
20,4.7
20,4.7
20,4.7
4,4.7
4,4.7
4,4.7
4,4.7
4,4.7
4,4.7
4,4.7
4,4.7
4,4.7
4,4.7
4,4.7
4,4.7
4,4.7
4,4.7
4,4.7
4,4.7
4,4.7
4,4.7
4,4.7
4,4.7
4,4.7
4,4.7
4,4.7
4,4.7
4,4.7
4,4.7
4,4.7
4,4.7
4,4.7
4,4.7
4,4.7
4,4.7
4,4.7
4,4.7
4,4.7
4,4.7
4,4.7
4,4.7
4,4.7
4,4.7
4,4.7
4,4.7
4,4.7
4,4.7
4,4.7
4,4.7
4,4.7
4,4.7
4,4.7
4,4.7
4,4.7
4,4.7
4,4.7
4,4.7
4,4.7
4,4.7
4,4.7
4,4.7
4,4.7
4,4.7
4,4.7
4,4.7
15,4.69
15,4.69
15,4.69
15,4.69
15,4.69
15,4.69
15,4.69
15,4.69
15,4.69
15,4.69
15,4.69
15,4.69
15,4.69
15,4.69
15,4.69
20,4.68
20,4.68
20,4.68
20,4.68
20,4.68
20,4.68
20,4.68
20,4.68
20,4.68
20,4.68
20,4.68
20,4.68
20,4.68
20,4.68
20,4.68
20,4.68
20,4.68
20,4.68
20,4.68
20,4.68
20,4.68
20,4.68
12,4.68
12,4.68
12,4.68
12,4.68
12,4.68
12,4.68
12,4.68
12,4.68
12,4.68
12,4.68
12,4.68
12,4.68
12,4.68
12,4.68
12,4.68
12,4.68
12,4.68
12,4.68
12,4.68
12,4.68
12,4.68
12,4.68
12,4.68
12,4.68
12,4.68
12,4.68
12,4.68
12,4.68
12,4.68
12,4.68
12,4.67
12,4.67
12,4.67
12,4.67
12,4.67
12,4.67
12,4.67
12,4.67
12,4.67
12,4.67
12,4.67
12,4.67
12,4.67
12,4.67
12,4.67
12,4.67
12,4.67
12,4.67
12,4.67
12,4.67
12,4.67
12,4.67
12,4.67
12,4.67
12,4.67
12,4.67
12,4.67
12,4.67
12,4.67
12,4.67
12,4.67
12,4.67
12,4.67
12,4.67
12,4.67
12,4.67
12,4.67
12,4.67
12,4.67
4,4.66
4,4.66
4,4.66
4,4.66
4,4.66
4,4.66
4,4.66
4,4.66
4,4.66
4,4.66
4,4.66
4,4.66
4,4.66
4,4.66
4,4.66
4,4.66
4,4.66
4,4.66
4,4.66
4,4.66
4,4.66
4,4.66
4,4.66
4,4.66
4,4.66
4,4.66
4,4.66
4,4.66
4,4.66
4,4.66
4,4.66
8,4.66
8,4.66
8,4.66
8,4.66
8,4.66
8,4.66
8,4.66
8,4.66
8,4.66
8,4.66
8,4.66
8,4.66
23,4.64
23,4.64
23,4.64
23,4.64
23,4.64
23,4.64
23,4.64
23,4.64
23,4.64
23,4.64
23,4.64
23,4.64
23,4.64
23,4.64
23,4.64
23,4.64
23,4.64
23,4.64
23,4.64
23,4.64
23,4.64
23,4.64
23,4.64
6,4.63
6,4.63
6,4.63
6,4.63
6,4.63
6,4.63
6,4.63
6,4.63
6,4.63
6,4.63
6,4.63
6,4.63
6,4.63
6,4.63
6,4.63
6,4.63
6,4.63
6,4.63
6,4.63
6,4.63
6,4.63
6,4.63
6,4.63
6,4.63
6,4.63
6,4.63
6,4.63
6,4.63
6,4.63
6,4.63
6,4.63
6,4.63
6,4.63
6,4.63
6,4.63
6,4.63
6,4.63
6,4.63
6,4.63
6,4.63
6,4.63
6,4.63
6,4.63
6,4.63
6,4.63
6,4.63
6,4.63
6,4.63
6,4.63
6,4.63
6,4.63
6,4.63
6,4.63
6,4.63
6,4.63
6,4.63
6,4.63
6,4.63
6,4.63
6,4.63
6,4.63
6,4.63
6,4.63
6,4.63
6,4.63
6,4.63
6,4.63
6,4.63
6,4.63
6,4.63
6,4.63
6,4.63
6,4.63
6,4.63
6,4.63
6,4.63
6,4.63
6,4.63
6,4.63
6,4.63
6,4.63
6,4.63
6,4.63
6,4.63
6,4.63
6,4.63
6,4.63
6,4.63
6,4.63
6,4.63
6,4.63
6,4.63
6,4.63
6,4.63
6,4.63
6,4.63
6,4.63
6,4.63
6,4.63
6,4.63
6,4.63
6,4.63
6,4.63
6,4.63
6,4.63
6,4.63
6,4.63
6,4.63
6,4.63
6,4.63
6,4.63
6,4.63
6,4.63
6,4.63
6,4.63
6,4.63
6,4.63
6,4.63
6,4.63
6,4.63
6,4.63
6,4.63
6,4.63
6,4.63
6,4.63
6,4.63
6,4.63
6,4.63
6,4.63
6,4.63
6,4.63
6,4.63
6,4.63
6,4.63
6,4.63
6,4.63
6,4.63
6,4.63
6,4.63
6,4.63
12,4.6
12,4.6
12,4.6
12,4.6
12,4.6
12,4.6
12,4.6
12,4.6
12,4.6
12,4.6
12,4.6
12,4.6
12,4.6
12,4.6
12,4.6
12,4.6
12,4.6
12,4.6
12,4.6
12,4.6
12,4.6
12,4.6
12,4.6
12,4.6
12,4.6
12,4.6
12,4.6
12,4.6
12,4.6
12,4.6
12,4.6
12,4.6
12,4.6
12,4.6
12,4.6
12,4.6
12,4.6
12,4.6
12,4.6
12,4.6
12,4.6
12,4.6
16,4.6
16,4.6
16,4.6
16,4.6
16,4.6
16,4.6
16,4.6
16,4.6
16,4.6
16,4.6
16,4.6
16,4.6
16,4.6
16,4.6
16,4.6
16,4.6
16,4.6
16,4.6
16,4.6
16,4.6
16,4.6
16,4.6
16,4.6
16,4.6
16,4.6
16,4.6
16,4.6
16,4.6
16,4.6
16,4.6
16,4.6
16,4.6
4,4.58
4,4.58
4,4.58
4,4.58
4,4.58
4,4.58
4,4.58
4,4.58
4,4.58
4,4.58
4,4.58
4,4.58
4,4.58
4,4.58
4,4.58
4,4.58
4,4.58
4,4.58
4,4.58
4,4.58
4,4.58
4,4.58
4,4.58
4,4.58
4,4.58
4,4.58
4,4.58
4,4.58
4,4.58
4,4.58
4,4.58
4,4.58
4,4.58
4,4.58
4,4.58
4,4.58
4,4.58
4,4.58
4,4.58
4,4.58
4,4.58
4,4.58
4,4.58
4,4.58
4,4.58
4,4.58
4,4.58
4,4.58
4,4.58
4,4.58
4,4.58
4,4.58
4,4.58
4,4.58
4,4.58
4,4.58
4,4.58
4,4.58
4,4.58
4,4.58
4,4.58
4,4.58
4,4.58
4,4.58
4,4.58
4,4.58
4,4.58
4,4.58
4,4.58
4,4.58
4,4.58
4,4.58
4,4.58
4,4.58
4,4.58
4,4.58
4,4.58
4,4.58
4,4.58
4,4.58
4,4.58
4,4.58
4,4.58
4,4.58
8,4.55
8,4.55
8,4.55
8,4.55
8,4.55
8,4.55
8,4.55
8,4.55
8,4.55
8,4.55
8,4.55
8,4.55
8,4.55
8,4.55
8,4.55
8,4.55
8,4.55
8,4.55
8,4.55
8,4.55
8,4.55
8,4.55
8,4.55
8,4.55
8,4.55
8,4.55
8,4.55
8,4.55
8,4.55
8,4.55
8,4.55
8,4.55
8,4.55
8,4.55
8,4.55
8,4.55
8,4.55
8,4.55
8,4.55
8,4.55
8,4.55
8,4.55
8,4.55
8,4.55
8,4.55
8,4.55
8,4.55
8,4.55
8,4.55
8,4.55
8,4.55
8,4.55
8,4.55
8,4.55
8,4.55
8,4.55
8,4.55
8,4.55
8,4.55
8,4.55
8,4.55
8,4.55
8,4.55
8,4.55
8,4.55
8,4.55
8,4.55
8,4.55
8,4.55
8,4.55
8,4.55
8,4.55
8,4.55
8,4.55
8,4.55
8,4.55
8,4.55
8,4.55
8,4.55
8,4.55
8,4.55
8,4.55
8,4.55
8,4.55
8,4.55
8,4.55
8,4.55
8,4.55
8,4.55
8,4.55
8,4.55
8,4.55
8,4.55
8,4.55
8,4.55
8,4.55
8,4.55
8,4.55
8,4.55
8,4.55
8,4.55
8,4.55
8,4.55
8,4.55
8,4.55
8,4.55
8,4.55
8,4.55
8,4.55
8,4.55
8,4.55
8,4.55
8,4.55
8,4.55
8,4.55
8,4.55
8,4.55
8,4.55
8,4.55
8,4.55
8,4.55
8,4.55
8,4.55
8,4.55
8,4.55
8,4.55
8,4.55
8,4.55
8,4.55
8,4.55
8,4.55
8,4.55
8,4.55
8,4.55
8,4.55
8,4.55
8,4.55
8,4.55
8,4.55
8,4.55
8,4.55
8,4.55
8,4.55
8,4.55
8,4.55
8,4.55
8,4.55
8,4.55
8,4.55
8,4.55
8,4.55
8,4.55
8,4.55
8,4.55
8,4.55
8,4.55
8,4.55
8,4.55
8,4.55
8,4.55
8,4.55
8,4.55
8,4.55
8,4.55
8,4.55
8,4.55
8,4.55
8,4.55
8,4.55
8,4.55
8,4.55
8,4.55
8,4.55
8,4.55
8,4.55
8,4.55
8,4.55
8,4.55
8,4.55
8,4.55
8,4.55
8,4.55
8,4.55
8,4.55
8,4.55
8,4.55
8,4.55
8,4.55
8,4.55
8,4.55
8,4.55
8,4.55
8,4.55
8,4.55
8,4.55
8,4.55
8,4.55
8,4.55
8,4.55
8,4.55
8,4.55
8,4.55
8,4.55
8,4.55
8,4.55
8,4.55
8,4.55
8,4.55
8,4.55
8,4.55
8,4.55
8,4.55
8,4.55
8,4.55
8,4.55
8,4.55
8,4.55
8,4.55
8,4.55
8,4.55
8,4.55
8,4.55
8,4.55
8,4.55
8,4.55
8,4.55
8,4.55
8,4.55
8,4.55
8,4.55
8,4.55
8,4.55
8,4.55
8,4.55
8,4.55
8,4.55
8,4.55
8,4.55
8,4.55
8,4.55
8,4.55
8,4.55
8,4.55
8,4.55
8,4.55
8,4.55
8,4.55
8,4.55
8,4.55
8,4.55
8,4.55
8,4.55
8,4.55
8,4.55
8,4.55
8,4.55
8,4.55
8,4.55
8,4.55
8,4.55
8,4.55
8,4.55
8,4.55
8,4.55
8,4.55
8,4.55
8,4.55
8,4.55
8,4.55
8,4.55
8,4.55
8,4.55
8,4.55
8,4.55
8,4.55
8,4.55
8,4.55
8,4.55
8,4.55
8,4.55
8,4.55
8,4.55
8,4.55
8,4.55
8,4.55
8,4.55
8,4.55
8,4.55
8,4.55
8,4.55
8,4.55
8,4.55
8,4.55
8,4.55
8,4.55
8,4.55
8,4.55
8,4.55
8,4.55
8,4.55
8,4.55
8,4.55
8,4.55
8,4.55
8,4.55
8,4.55
8,4.55
8,4.55
8,4.55
8,4.55
8,4.55
8,4.55
8,4.55
8,4.55
8,4.55
8,4.55
8,4.55
8,4.55
8,4.55
8,4.55
8,4.55
8,4.55
8,4.55
8,4.55
8,4.55
8,4.55
8,4.55
8,4.55
8,4.55
8,4.55
8,4.55
8,4.55
8,4.55
8,4.55
8,4.55
8,4.55
12,4.54
12,4.54
12,4.54
12,4.54
12,4.54
12,4.54
12,4.54
12,4.54
12,4.54
12,4.54
12,4.54
12,4.54
12,4.54
12,4.54
12,4.54
12,4.54
12,4.54
12,4.54
12,4.54
12,4.54
12,4.54
12,4.54
12,4.54
12,4.54
12,4.54
12,4.54
12,4.54
12,4.54
12,4.54
12,4.54
12,4.54
12,4.54
12,4.54
12,4.54
12,4.54
12,4.54
12,4.54
12,4.54
12,4.54
12,4.54
12,4.54
12,4.54
12,4.54
12,4.54
12,4.54
12,4.54
12,4.54
12,4.54
12,4.54
12,4.54
12,4.54
12,4.54
12,4.54
12,4.54
12,4.54
12,4.54
12,4.54
12,4.54
12,4.54
12,4.54
12,4.54
12,4.54
12,4.54
12,4.54
12,4.54
12,4.54
12,4.54
12,4.54
12,4.54
12,4.54
12,4.54
12,4.54
12,4.54
12,4.54
12,4.54
12,4.54
12,4.54
12,4.54
12,4.54
12,4.54
12,4.54
12,4.54
12,4.54
12,4.54
12,4.54
12,4.54
12,4.54
12,4.54
12,4.54
12,4.54
12,4.54
12,4.54
12,4.54
12,4.54
12,4.54
12,4.54
12,4.54
12,4.54
12,4.54
12,4.54
12,4.54
12,4.54
12,4.54
12,4.54
12,4.54
12,4.54
12,4.54
12,4.54
12,4.54
12,4.54
12,4.54
12,4.54
12,4.54
58,4.53
58,4.53
58,4.53
58,4.53
58,4.53
58,4.53
58,4.53
58,4.53
58,4.53
58,4.53
58,4.53
58,4.53
58,4.53
58,4.53
58,4.53
58,4.53
31,4.53
31,4.53
31,4.53
31,4.53
31,4.53
31,4.53
31,4.53
31,4.53
31,4.53
31,4.53
31,4.53
31,4.53
31,4.53
31,4.53
31,4.53
31,4.53
31,4.53
31,4.53
31,4.53
31,4.53
31,4.53
31,4.53
31,4.53
31,4.53
31,4.53
31,4.53
31,4.53
31,4.53
31,4.53
31,4.53
31,4.53
31,4.53
31,4.53
31,4.53
31,4.53
31,4.53
31,4.53
31,4.53
31,4.53
31,4.53
31,4.53
31,4.53
31,4.53
31,4.53
31,4.53
31,4.53
31,4.53
31,4.53
31,4.53
31,4.53
31,4.53
31,4.53
31,4.53
31,4.53
31,4.53
31,4.53
31,4.53
31,4.53
31,4.53
31,4.53
31,4.53
31,4.53
31,4.53
31,4.53
31,4.53
31,4.53
31,4.53
31,4.53
31,4.53
31,4.53
31,4.53
31,4.53
31,4.53
31,4.53
31,4.53
31,4.53
31,4.53
31,4.53
31,4.53
31,4.53
31,4.53
31,4.53
31,4.53
31,4.53
31,4.53
31,4.53
31,4.53
31,4.53
4,4.52
4,4.52
4,4.52
4,4.52
4,4.52
4,4.52
4,4.52
4,4.52
4,4.52
4,4.52
4,4.52
4,4.52
4,4.52
4,4.52
4,4.52
4,4.52
4,4.52
4,4.52
4,4.52
4,4.52
4,4.52
4,4.52
4,4.52
4,4.52
4,4.52
4,4.52
4,4.52
4,4.52
4,4.52
4,4.52
4,4.52
4,4.52
4,4.52
4,4.52
4,4.52
4,4.52
4,4.52
4,4.52
4,4.52
4,4.52
4,4.52
4,4.52
4,4.52
4,4.52
4,4.52
4,4.52
4,4.52
4,4.52
4,4.52
4,4.52
4,4.52
4,4.52
4,4.52
4,4.52
4,4.52
4,4.52
4,4.52
4,4.52
4,4.52
4,4.52
4,4.52
4,4.52
4,4.52
4,4.52
4,4.52
4,4.52
4,4.52
4,4.52
4,4.52
4,4.52
4,4.52
4,4.52
4,4.52
4,4.52
4,4.52
4,4.52
4,4.52
4,4.52
4,4.52
4,4.52
4,4.52
4,4.52
4,4.52
4,4.52
8,4.49
8,4.49
8,4.49
8,4.49
8,4.49
8,4.49
8,4.49
8,4.49
8,4.49
8,4.49
8,4.49
8,4.49
8,4.49
8,4.49
8,4.49
8,4.49
8,4.49
8,4.49
8,4.49
8,4.49
8,4.49
8,4.49
8,4.49
8,4.49
8,4.49
8,4.49
8,4.49
8,4.49
8,4.49
8,4.49
8,4.49
8,4.49
8,4.49
8,4.49
8,4.49
8,4.49
8,4.49
8,4.49
8,4.49
8,4.49
8,4.49
8,4.49
8,4.49
8,4.49
8,4.49
8,4.49
8,4.49
8,4.49
8,4.49
8,4.49
8,4.49
8,4.49
8,4.49
8,4.49
8,4.49
8,4.49
8,4.49
8,4.49
8,4.49
8,4.49
8,4.49
8,4.49
8,4.49
8,4.49
8,4.49
8,4.49
8,4.49
8,4.49
8,4.49
8,4.49
8,4.49
8,4.49
8,4.49
8,4.49
8,4.49
8,4.49
8,4.49
8,4.49
8,4.49
8,4.49
8,4.49
8,4.49
8,4.49
8,4.49
8,4.49
8,4.49
8,4.49
8,4.49
8,4.49
8,4.49
8,4.49
8,4.49
8,4.49
8,4.49
8,4.49
8,4.49
8,4.49
8,4.49
8,4.49
8,4.49
8,4.49
8,4.49
8,4.49
8,4.49
8,4.49
8,4.49
8,4.49
8,4.49
8,4.49
8,4.49
8,4.49
8,4.49
8,4.49
8,4.49
8,4.49
8,4.49
8,4.49
8,4.49
8,4.49
8,4.49
8,4.49
8,4.49
8,4.49
8,4.49
8,4.49
8,4.49
8,4.49
8,4.49
8,4.49
8,4.49
8,4.49
8,4.49
8,4.49
8,4.49
8,4.49
8,4.49
8,4.49
8,4.49
8,4.49
8,4.49
8,4.49
8,4.49
8,4.49
8,4.49
8,4.49
8,4.49
8,4.49
8,4.49
8,4.49
8,4.49
8,4.49
8,4.49
8,4.49
8,4.49
8,4.49
8,4.49
8,4.49
8,4.49
8,4.49
8,4.49
8,4.49
8,4.49
8,4.49
8,4.49
8,4.49
8,4.49
8,4.49
8,4.49
8,4.49
8,4.49
8,4.49
8,4.49
8,4.49
8,4.49
8,4.49
8,4.49
8,4.49
8,4.49
8,4.49
8,4.49
8,4.49
8,4.49
8,4.49
8,4.49
8,4.49
8,4.49
8,4.49
8,4.49
8,4.49
8,4.49
8,4.49
8,4.49
8,4.49
8,4.49
8,4.49
8,4.49
8,4.49
8,4.49
8,4.49
8,4.49
8,4.49
8,4.49
8,4.49
8,4.49
8,4.49
8,4.49
8,4.49
8,4.49
8,4.49
8,4.49
8,4.49
8,4.49
8,4.49
8,4.49
8,4.49
8,4.49
8,4.49
8,4.49
8,4.49
8,4.49
8,4.49
8,4.49
8,4.49
8,4.49
8,4.49
8,4.49
8,4.49
8,4.49
8,4.49
8,4.49
8,4.49
8,4.49
8,4.49
8,4.49
8,4.49
8,4.49
8,4.49
8,4.49
8,4.49
8,4.49
8,4.49
8,4.49
8,4.49
8,4.49
8,4.49
8,4.49
8,4.49
8,4.49
8,4.49
16,4.48
16,4.48
16,4.48
16,4.48
16,4.48
16,4.48
16,4.48
16,4.48
16,4.48
16,4.48
16,4.48
16,4.48
16,4.48
16,4.48
16,4.48
16,4.48
16,4.48
16,4.48
16,4.48
16,4.48
16,4.48
16,4.48
16,4.48
16,4.48
16,4.48
16,4.48
16,4.48
16,4.48
16,4.48
16,4.48
16,4.48
16,4.48
16,4.48
16,4.48
16,4.48
16,4.48
16,4.48
16,4.48
16,4.48
16,4.48
16,4.48
16,4.48
16,4.48
16,4.48
16,4.48
16,4.48
16,4.48
16,4.48
16,4.48
16,4.48
16,4.48
16,4.48
16,4.48
16,4.48
16,4.48
16,4.48
16,4.48
16,4.48
16,4.48
16,4.48
16,4.48
16,4.48
16,4.48
16,4.48
16,4.48
16,4.48
16,4.48
16,4.48
16,4.48
8,4.46
8,4.46
8,4.46
8,4.46
8,4.46
8,4.46
8,4.46
8,4.46
8,4.46
8,4.46
8,4.46
8,4.46
8,4.46
8,4.46
8,4.46
8,4.46
8,4.46
8,4.46
8,4.46
8,4.46
8,4.46
8,4.46
8,4.46
8,4.46
8,4.46
8,4.46
8,4.46
8,4.46
8,4.46
8,4.46
8,4.46
8,4.46
8,4.46
8,4.46
8,4.46
8,4.46
8,4.46
8,4.46
8,4.46
8,4.46
8,4.46
4,4.46
4,4.46
4,4.46
4,4.46
4,4.46
4,4.46
4,4.46
4,4.46
4,4.46
4,4.46
4,4.46
4,4.46
4,4.46
4,4.46
4,4.46
4,4.46
4,4.46
4,4.46
4,4.46
4,4.46
4,4.46
4,4.46
4,4.46
4,4.46
4,4.46
4,4.46
4,4.46
4,4.46
4,4.46
4,4.46
4,4.46
4,4.46
4,4.46
4,4.46
4,4.46
4,4.46
4,4.46
4,4.46
4,4.46
4,4.46
4,4.46
4,4.46
4,4.46
4,4.46
4,4.46
4,4.46
4,4.46
4,4.46
4,4.46
4,4.46
4,4.46
4,4.46
4,4.46
4,4.46
4,4.46
4,4.46
4,4.46
4,4.46
4,4.46
4,4.46
4,4.46
4,4.46
4,4.46
4,4.46
4,4.46
4,4.46
4,4.46
4,4.46
4,4.46
4,4.46
4,4.46
4,4.46
4,4.46
4,4.46
4,4.46
4,4.46
4,4.46
4,4.46
4,4.46
4,4.46
4,4.46
4,4.46
4,4.46
4,4.46
4,4.46
19,4.45
19,4.45
19,4.45
19,4.45
19,4.45
19,4.45
19,4.45
19,4.45
19,4.45
19,4.45
19,4.45
4,4.44
4,4.44
4,4.44
4,4.44
4,4.44
4,4.44
4,4.44
4,4.44
4,4.44
4,4.44
4,4.44
4,4.44
4,4.44
4,4.44
4,4.44
4,4.44
4,4.44
4,4.44
4,4.44
4,4.44
4,4.44
4,4.44
4,4.44
4,4.44
4,4.44
4,4.44
4,4.44
4,4.44
16,4.43
16,4.43
16,4.43
16,4.43
16,4.43
16,4.43
16,4.43
16,4.43
16,4.43
16,4.43
4,4.42
4,4.42
4,4.42
4,4.42
4,4.42
4,4.42
4,4.42
4,4.42
4,4.42
4,4.42
4,4.42
4,4.42
4,4.42
4,4.42
4,4.42
4,4.42
4,4.42
4,4.42
4,4.42
4,4.42
4,4.42
4,4.42
8,4.41
8,4.41
8,4.41
8,4.41
8,4.41
8,4.41
8,4.41
8,4.41
8,4.41
8,4.41
4,4.39
4,4.39
4,4.39
4,4.39
4,4.39
4,4.39
4,4.39
4,4.39
4,4.39
4,4.39
4,4.39
4,4.39
4,4.39
4,4.39
4,4.39
4,4.39
4,4.39
4,4.39
4,4.39
4,4.39
4,4.39
4,4.39
4,4.39
4,4.39
4,4.39
4,4.39
4,4.39
4,4.39
4,4.39
4,4.39
4,4.39
4,4.39
4,4.39
4,4.39
4,4.39
4,4.39
4,4.34
4,4.34
4,4.34
4,4.34
4,4.34
4,4.34
4,4.34
4,4.34
4,4.34
4,4.34
4,4.34
4,4.34
4,4.34
4,4.34
4,4.34
4,4.34
4,4.34
4,4.34
4,4.34
4,4.34
4,4.34
4,4.34
4,4.34
4,4.34
4,4.34
4,4.34
4,4.34
4,4.34
4,4.34
4,4.34
4,4.34
4,4.34
4,4.34
4,4.34
4,4.34
4,4.34
4,4.34
4,4.34
4,4.34
4,4.34
4,4.34
4,4.34
4,4.34
4,4.34
16,4.33
16,4.33
16,4.33
16,4.33
16,4.33
16,4.33
16,4.33
16,4.33
16,4.33
16,4.33
16,4.33
16,4.33
16,4.33
16,4.33
16,4.33
16,4.33
16,4.33
16,4.33
16,4.33
16,4.33
16,4.33
16,4.33
16,4.33
16,4.33
16,4.33
16,4.33
16,4.33
16,4.33
16,4.33
16,4.33
16,4.33
16,4.33
16,4.33
16,4.33
16,4.33
16,4.33
16,4.33
16,4.33
16,4.33
16,4.33
16,4.33
16,4.33
16,4.33
16,4.33
16,4.33
16,4.33
16,4.33
16,4.33
16,4.33
16,4.33
16,4.33
16,4.33
16,4.33
16,4.33
16,4.33
16,4.33
16,4.33
16,4.33
16,4.33
16,4.33
16,4.33
16,4.33
16,4.33
16,4.33
16,4.33
16,4.33
16,4.33
16,4.33
16,4.33
16,4.33
16,4.33
16,4.33
16,4.33
8,4.31
8,4.31
8,4.31
8,4.31
8,4.31
8,4.31
8,4.31
8,4.31
8,4.31
8,4.31
8,4.31
8,4.31
8,4.31
4,4.3
4,4.3
4,4.3
4,4.3
4,4.3
4,4.3
4,4.3
4,4.3
4,4.3
4,4.3
4,4.3
4,4.3
4,4.3
4,4.3
4,4.3
4,4.3
4,4.3
4,4.3
4,4.3
4,4.3
4,4.3
4,4.3
4,4.3
4,4.3
4,4.3
4,4.3
4,4.3
4,4.3
4,4.3
4,4.27
4,4.27
4,4.27
4,4.27
4,4.27
4,4.27
4,4.27
4,4.27
4,4.27
4,4.27
4,4.27
4,4.27
4,4.27
4,4.27
4,4.27
4,4.27
4,4.27
4,4.27
4,4.27
4,4.27
4,4.27
4,4.27
4,4.27
4,4.27
4,4.27
4,4.27
4,4.27
4,4.27
4,4.27
4,4.27
4,4.27
4,4.27
4,4.27
4,4.27
4,4.27
4,4.27
4,4.27
4,4.27
4,4.27
4,4.27
4,4.27
4,4.27
4,4.27
4,4.27
4,4.27
4,4.27
4,4.27
4,4.27
4,4.27
4,4.27
4,4.27
4,4.27
4,4.27
4,4.27
4,4.27
4,4.27
4,4.27
4,4.27
4,4.27
4,4.27
4,4.27
4,4.27
4,4.27
4,4.27
4,4.27
4,4.27
4,4.27
4,4.27
4,4.27
4,4.27
4,4.27
4,4.27
4,4.27
4,4.27
4,4.27
4,4.27
4,4.27
4,4.27
4,4.27
12,4.27
12,4.27
12,4.27
12,4.27
12,4.27
12,4.27
12,4.27
12,4.27
12,4.27
12,4.27
12,4.27
8,4.27
8,4.27
8,4.27
8,4.27
8,4.27
8,4.27
8,4.27
8,4.27
8,4.27
8,4.27
4,4.25
4,4.25
4,4.25
4,4.25
4,4.25
4,4.25
4,4.25
4,4.25
4,4.25
4,4.25
4,4.25
4,4.25
4,4.25
4,4.25
4,4.25
4,4.25
4,4.25
4,4.25
4,4.25
4,4.25
4,4.25
4,4.25
4,4.25
4,4.25
4,4.25
4,4.25
4,4.25
4,4.25
4,4.25
4,4.25
4,4.25
4,4.25
4,4.25
4,4.25
4,4.25
4,4.25
4,4.25
4,4.25
4,4.25
4,4.25
4,4.25
4,4.25
4,4.25
4,4.25
4,4.25
4,4.25
4,4.25
4,4.25
4,4.25
4,4.25
4,4.25
4,4.25
4,4.25
4,4.25
4,4.25
4,4.25
4,4.25
4,4.25
4,4.25
4,4.25
4,4.25
4,4.25
4,4.25
4,4.25
4,4.25
4,4.25
4,4.25
4,4.25
4,4.25
4,4.25
4,4.25
4,4.25
4,4.25
4,4.25
4,4.25
4,4.25
4,4.25
4,4.25
12,4.24
12,4.24
12,4.24
12,4.24
12,4.24
12,4.24
12,4.24
12,4.24
12,4.24
12,4.24
12,4.24
12,4.24
12,4.24
12,4.24
12,4.24
12,4.24
12,4.24
12,4.24
12,4.24
12,4.24
12,4.24
12,4.24
12,4.24
12,4.24
12,4.24
12,4.24
12,4.24
12,4.24
12,4.24
12,4.24
12,4.24
12,4.24
12,4.24
12,4.24
12,4.24
12,4.24
12,4.24
12,4.24
12,4.24
12,4.24
12,4.24
12,4.24
12,4.24
12,4.24
12,4.24
12,4.24
12,4.24
12,4.24
12,4.24
12,4.24
12,4.24
12,4.24
12,4.24
12,4.24
12,4.24
12,4.24
12,4.24
12,4.24
12,4.24
12,4.24
12,4.24
12,4.24
4,4.23
4,4.23
4,4.23
4,4.23
4,4.23
4,4.23
4,4.23
4,4.23
4,4.23
4,4.23
4,4.23
4,4.23
4,4.23
4,4.23
4,4.23
4,4.23
4,4.23
4,4.23
8,4.22
8,4.22
8,4.22
8,4.22
8,4.22
8,4.22
8,4.22
8,4.22
8,4.22
8,4.22
8,4.22
8,4.22
8,4.22
8,4.21
8,4.21
8,4.21
8,4.21
8,4.21
8,4.21
8,4.21
8,4.21
8,4.21
8,4.21
8,4.21
8,4.21
8,4.21
8,4.21
8,4.21
8,4.21
8,4.21
8,4.21
8,4.21
8,4.21
8,4.21
8,4.21
8,4.21
8,4.21
8,4.21
8,4.21
8,4.21
8,4.21
8,4.21
8,4.21
8,4.21
8,4.21
8,4.21
8,4.21
8,4.21
8,4.21
8,4.21
8,4.21
8,4.21
8,4.21
8,4.21
8,4.21
8,4.21
8,4.21
8,4.21
8,4.21
8,4.21
8,4.21
8,4.21
8,4.21
8,4.21
8,4.21
8,4.21
8,4.21
8,4.21
8,4.21
8,4.21
8,4.21
8,4.21
8,4.21
8,4.21
8,4.21
8,4.21
8,4.21
8,4.21
8,4.21
8,4.21
8,4.21
8,4.21
8,4.21
8,4.21
8,4.21
8,4.21
8,4.21
8,4.21
8,4.21
8,4.21
8,4.21
8,4.21
8,4.21
8,4.21
8,4.21
8,4.21
8,4.21
8,4.21
8,4.21
8,4.21
8,4.21
8,4.21
8,4.21
8,4.21
8,4.21
8,4.21
8,4.21
8,4.21
8,4.21
8,4.21
8,4.21
8,4.21
8,4.21
8,4.21
8,4.21
8,4.21
8,4.21
8,4.21
8,4.21
8,4.21
8,4.21
8,4.21
8,4.21
8,4.21
8,4.21
8,4.21
8,4.21
8,4.21
8,4.21
8,4.21
8,4.21
8,4.21
8,4.21
8,4.21
8,4.21
8,4.21
8,4.21
8,4.21
8,4.21
8,4.21
8,4.21
8,4.21
8,4.21
8,4.21
8,4.21
8,4.21
8,4.21
8,4.2
8,4.2
8,4.2
8,4.2
8,4.2
8,4.2
8,4.2
8,4.2
8,4.2
8,4.2
8,4.2
8,4.2
8,4.2
8,4.2
8,4.2
8,4.2
8,4.2
8,4.2
8,4.2
8,4.2
8,4.2
8,4.2
8,4.2
8,4.2
8,4.2
8,4.2
8,4.2
8,4.2
8,4.2
8,4.2
8,4.2
8,4.2
8,4.2
8,4.2
8,4.2
8,4.2
8,4.2
8,4.2
8,4.2
8,4.2
8,4.2
8,4.2
8,4.2
8,4.2
8,4.2
8,4.2
8,4.2
8,4.2
8,4.2
8,4.2
8,4.2
8,4.2
8,4.2
8,4.2
8,4.2
8,4.2
8,4.2
8,4.2
8,4.2
8,4.2
8,4.2
8,4.2
8,4.2
8,4.2
8,4.2
8,4.2
8,4.2
8,4.2
8,4.2
8,4.2
8,4.2
8,4.2
8,4.2
8,4.2
8,4.2
8,4.2
8,4.2
8,4.2
8,4.2
8,4.2
8,4.2
8,4.2
8,4.2
8,4.2
8,4.2
8,4.2
8,4.2
8,4.2
8,4.2
8,4.2
8,4.2
8,4.2
8,4.2
8,4.2
8,4.2
8,4.2
8,4.2
8,4.2
8,4.2
8,4.2
8,4.2
8,4.2
8,4.2
8,4.2
8,4.2
8,4.2
8,4.2
8,4.2
8,4.2
8,4.2
8,4.2
8,4.2
8,4.2
8,4.2
8,4.2
8,4.2
8,4.2
8,4.2
8,4.2
8,4.2
8,4.2
8,4.2
8,4.2
8,4.2
8,4.2
8,4.2
8,4.2
8,4.2
8,4.2
8,4.2
8,4.2
8,4.2
8,4.2
8,4.2
8,4.2
8,4.2
8,4.2
8,4.2
8,4.2
8,4.2
8,4.2
8,4.2
8,4.2
8,4.2
8,4.2
8,4.2
8,4.2
8,4.2
8,4.2
8,4.2
8,4.2
8,4.2
8,4.2
8,4.2
8,4.2
8,4.2
8,4.2
8,4.2
8,4.2
8,4.2
8,4.2
8,4.2
8,4.2
8,4.2
8,4.2
8,4.2
8,4.2
8,4.2
8,4.2
8,4.2
8,4.2
8,4.2
8,4.2
8,4.2
8,4.2
8,4.2
8,4.2
8,4.2
8,4.2
8,4.2
8,4.2
8,4.2
8,4.2
8,4.2
8,4.2
8,4.2
8,4.2
8,4.2
8,4.2
8,4.2
8,4.2
8,4.2
8,4.2
8,4.2
8,4.2
8,4.2
8,4.2
8,4.2
8,4.2
8,4.2
8,4.2
8,4.2
8,4.2
8,4.2
8,4.2
8,4.2
8,4.2
8,4.2
8,4.2
8,4.2
8,4.2
8,4.2
8,4.2
8,4.2
8,4.2
8,4.2
8,4.2
8,4.2
8,4.2
8,4.2
8,4.2
8,4.2
8,4.2
8,4.2
8,4.2
8,4.2
8,4.2
8,4.2
8,4.2
8,4.2
8,4.2
8,4.2
8,4.2
8,4.2
8,4.2
8,4.2
8,4.2
8,4.2
8,4.2
8,4.2
8,4.2
8,4.2
8,4.2
8,4.2
8,4.2
8,4.2
8,4.2
8,4.2
8,4.2
8,4.2
8,4.2
8,4.2
8,4.2
8,4.2
8,4.2
8,4.2
8,4.2
8,4.2
8,4.2
8,4.2
8,4.2
8,4.2
8,4.2
8,4.2
8,4.2
8,4.2
8,4.2
8,4.2
8,4.2
8,4.2
8,4.2
8,4.2
8,4.2
8,4.2
8,4.2
8,4.2
8,4.2
8,4.2
8,4.2
8,4.2
8,4.2
8,4.2
8,4.2
8,4.2
8,4.2
8,4.2
16,4.2
16,4.2
16,4.2
16,4.2
16,4.2
16,4.2
16,4.2
16,4.2
16,4.2
16,4.2
16,4.2
16,4.2
16,4.2
16,4.2
16,4.2
16,4.2
16,4.2
16,4.2
16,4.2
16,4.2
16,4.2
16,4.2
16,4.2
16,4.2
16,4.2
16,4.2
16,4.2
16,4.2
16,4.2
16,4.2
16,4.2
16,4.2
16,4.2
16,4.2
16,4.2
16,4.2
16,4.2
16,4.2
16,4.2
16,4.2
16,4.2
16,4.2
16,4.2
16,4.2
16,4.2
16,4.2
16,4.2
16,4.2
16,4.2
16,4.2
16,4.2
16,4.2
16,4.2
16,4.2
16,4.2
16,4.2
16,4.2
16,4.2
16,4.2
16,4.2
16,4.2
16,4.2
16,4.2
16,4.2
16,4.2
16,4.2
16,4.2
16,4.2
16,4.2
16,4.2
16,4.2
16,4.2
16,4.2
16,4.2
16,4.2
16,4.2
16,4.2
16,4.2
16,4.2
16,4.2
16,4.2
16,4.2
16,4.2
16,4.2
16,4.2
16,4.2
16,4.2
16,4.2
16,4.2
8,4.18
8,4.18
8,4.18
8,4.18
8,4.18
8,4.18
8,4.18
8,4.18
8,4.18
8,4.18
8,4.18
8,4.18
8,4.18
8,4.18
4,4.18
4,4.18
4,4.18
4,4.18
4,4.18
4,4.18
4,4.18
4,4.18
4,4.18
4,4.18
4,4.18
4,4.18
4,4.18
4,4.18
4,4.18
4,4.18
4,4.18
4,4.18
4,4.18
4,4.18
4,4.18
4,4.18
4,4.18
4,4.18
4,4.18
4,4.18
4,4.18
4,4.18
4,4.18
4,4.18
4,4.18
4,4.18
4,4.18
4,4.18
4,4.18
4,4.18
4,4.18
4,4.18
4,4.18
4,4.18
4,4.18
4,4.18
4,4.18
4,4.18
4,4.18
4,4.18
4,4.18
4,4.18
4,4.18
4,4.18
4,4.18
4,4.18
4,4.18
4,4.18
4,4.18
4,4.18
4,4.18
4,4.18
4,4.18
4,4.18
4,4.18
4,4.18
4,4.18
4,4.18
4,4.18
4,4.18
4,4.18
4,4.18
4,4.18
4,4.18
4,4.18
4,4.18
4,4.18
4,4.18
4,4.18
4,4.18
4,4.18
4,4.18
4,4.18
4,4.18
4,4.18
4,4.18
4,4.18
4,4.18
4,4.18
4,4.18
8,4.17
8,4.17
8,4.17
8,4.17
8,4.17
8,4.17
8,4.17
8,4.17
8,4.17
8,4.17
8,4.17
8,4.17
8,4.17
8,4.17
8,4.17
8,4.17
8,4.17
8,4.17
8,4.17
8,4.17
8,4.17
8,4.17
8,4.17
8,4.17
8,4.17
8,4.17
8,4.17
8,4.17
8,4.17
8,4.17
8,4.17
8,4.17
8,4.17
8,4.17
8,4.17
8,4.17
8,4.17
8,4.17
8,4.17
8,4.17
8,4.17
8,4.17
8,4.17
8,4.17
8,4.17
8,4.17
8,4.17
8,4.17
8,4.17
8,4.17
8,4.17
8,4.17
8,4.17
8,4.17
8,4.17
8,4.17
8,4.17
8,4.17
8,4.17
8,4.17
8,4.17
8,4.17
8,4.17
8,4.17
8,4.17
8,4.17
8,4.17
8,4.17
8,4.17
8,4.17
8,4.17
8,4.17
8,4.17
8,4.17
8,4.17
8,4.17
8,4.17
8,4.17
8,4.17
8,4.17
8,4.17
8,4.17
8,4.17
8,4.17
8,4.17
8,4.17
8,4.17
8,4.17
8,4.17
8,4.17
8,4.17
8,4.17
8,4.17
8,4.17
8,4.17
8,4.17
8,4.17
8,4.17
8,4.17
8,4.17
8,4.17
8,4.17
8,4.17
8,4.17
8,4.17
8,4.17
8,4.17
8,4.17
8,4.17
8,4.17
8,4.17
8,4.17
8,4.17
8,4.17
8,4.17
8,4.17
8,4.17
8,4.17
8,4.17
8,4.17
8,4.17
8,4.17
8,4.17
8,4.17
8,4.17
8,4.17
8,4.17
8,4.17
8,4.17
8,4.17
8,4.17
8,4.17
8,4.17
8,4.17
8,4.17
8,4.17
8,4.17
8,4.17
8,4.17
8,4.17
8,4.17
8,4.17
8,4.17
8,4.17
8,4.17
8,4.17
8,4.17
8,4.17
8,4.17
8,4.17
8,4.17
8,4.17
9,4.16
9,4.16
9,4.16
9,4.16
9,4.16
9,4.16
9,4.16
9,4.16
9,4.16
9,4.16
9,4.16
9,4.16
9,4.16
9,4.16
9,4.16
9,4.16
9,4.16
9,4.16
9,4.16
9,4.16
9,4.16
9,4.16
9,4.16
9,4.16
9,4.16
9,4.16
9,4.16
9,4.16
9,4.16
9,4.16
9,4.16
9,4.16
9,4.16
9,4.16
9,4.16
9,4.16
9,4.16
9,4.16
9,4.16
9,4.16
9,4.16
9,4.16
9,4.16
9,4.16
9,4.16
9,4.16
9,4.16
9,4.16
9,4.16
9,4.16
9,4.16
9,4.16
9,4.16
9,4.16
9,4.16
9,4.16
9,4.16
9,4.16
9,4.16
9,4.16
9,4.16
9,4.16
9,4.16
9,4.16
9,4.16
9,4.16
9,4.16
9,4.16
9,4.16
9,4.16
9,4.16
9,4.16
9,4.16
9,4.16
9,4.16
9,4.16
9,4.16
9,4.16
9,4.16
9,4.16
9,4.16
9,4.16
9,4.16
9,4.16
9,4.16
9,4.16
9,4.16
9,4.16
9,4.16
9,4.16
9,4.16
9,4.16
9,4.16
9,4.16
9,4.16
9,4.16
9,4.16
9,4.16
9,4.16
9,4.16
9,4.16
9,4.16
9,4.16
9,4.16
9,4.16
9,4.16
9,4.16
9,4.16
9,4.16
9,4.16
9,4.16
9,4.16
9,4.16
9,4.16
9,4.16
9,4.16
9,4.16
9,4.16
9,4.16
9,4.16
9,4.16
9,4.16
9,4.16
9,4.16
9,4.16
9,4.16
9,4.16
9,4.16
9,4.16
9,4.16
9,4.16
9,4.16
9,4.16
9,4.16
9,4.16
9,4.16
9,4.16
9,4.16
9,4.16
9,4.16
9,4.16
9,4.16
9,4.16
9,4.16
9,4.16
9,4.16
9,4.16
9,4.16
9,4.16
9,4.16
9,4.16
9,4.16
9,4.16
9,4.16
9,4.16
9,4.16
9,4.16
9,4.16
9,4.16
9,4.16
9,4.16
9,4.16
9,4.16
9,4.16
9,4.16
9,4.16
9,4.16
9,4.16
9,4.16
9,4.16
9,4.16
9,4.16
9,4.16
9,4.16
9,4.16
9,4.16
9,4.16
9,4.16
9,4.16
9,4.16
9,4.16
9,4.16
9,4.16
9,4.16
9,4.16
9,4.16
9,4.16
9,4.16
9,4.16
9,4.16
9,4.16
9,4.16
9,4.16
9,4.16
9,4.16
9,4.16
9,4.16
9,4.16
9,4.16
9,4.16
9,4.16
9,4.16
9,4.16
9,4.16
9,4.16
9,4.16
9,4.16
9,4.16
9,4.16
9,4.16
9,4.16
9,4.16
9,4.16
9,4.16
9,4.16
9,4.16
9,4.16
9,4.16
9,4.16
9,4.16
9,4.16
9,4.16
9,4.16
9,4.16
9,4.16
9,4.16
9,4.16
9,4.16
9,4.16
9,4.16
9,4.16
9,4.16
9,4.16
9,4.16
9,4.16
9,4.16
9,4.16
9,4.16
9,4.16
9,4.16
9,4.16
9,4.16
9,4.16
9,4.16
9,4.16
9,4.16
9,4.16
9,4.16
9,4.16
9,4.16
9,4.16
9,4.16
9,4.16
9,4.16
9,4.16
9,4.16
9,4.16
9,4.16
9,4.16
9,4.16
9,4.16
9,4.16
9,4.16
9,4.16
9,4.16
9,4.16
9,4.16
9,4.16
9,4.16
9,4.16
9,4.16
9,4.16
9,4.16
9,4.16
9,4.16
9,4.16
9,4.16
9,4.16
9,4.16
9,4.16
9,4.16
9,4.16
9,4.16
9,4.16
9,4.16
9,4.16
9,4.16
9,4.16
9,4.16
9,4.16
9,4.16
9,4.16
9,4.16
9,4.16
9,4.16
9,4.16
9,4.16
9,4.16
9,4.16
9,4.16
9,4.16
9,4.16
9,4.16
9,4.16
9,4.16
9,4.16
9,4.16
9,4.16
9,4.16
9,4.16
9,4.16
9,4.16
9,4.16
9,4.16
9,4.16
9,4.16
9,4.16
9,4.16
9,4.16
9,4.16
9,4.16
9,4.16
9,4.16
9,4.16
9,4.16
9,4.16
9,4.16
9,4.16
9,4.16
9,4.16
9,4.16
9,4.16
9,4.16
9,4.16
9,4.16
9,4.16
9,4.16
9,4.16
9,4.16
9,4.16
9,4.16
9,4.16
9,4.16
9,4.16
12,4.15
12,4.15
12,4.15
12,4.15
12,4.15
12,4.15
12,4.15
12,4.15
12,4.15
12,4.15
12,4.15
12,4.15
12,4.15
12,4.15
12,4.15
12,4.15
12,4.15
12,4.15
12,4.15
12,4.15
12,4.15
12,4.15
12,4.15
12,4.15
12,4.15
12,4.15
12,4.15
12,4.15
12,4.15
12,4.15
12,4.15
12,4.15
12,4.15
12,4.15
12,4.15
12,4.15
12,4.15
12,4.15
12,4.15
12,4.15
12,4.15
12,4.15
12,4.15
12,4.15
12,4.15
12,4.15
12,4.15
12,4.15
12,4.15
12,4.15
12,4.15
12,4.15
12,4.15
12,4.15
12,4.15
12,4.15
12,4.15
12,4.15
12,4.15
12,4.15
12,4.15
12,4.15
12,4.15
12,4.15
12,4.15
12,4.15
12,4.15
12,4.15
12,4.15
12,4.15
12,4.15
12,4.15
12,4.15
12,4.15
12,4.15
12,4.15
12,4.15
6,4.14
6,4.14
6,4.14
6,4.14
6,4.14
6,4.14
6,4.14
6,4.14
6,4.14
6,4.14
6,4.14
6,4.14
6,4.14
4,4.13
4,4.13
4,4.13
4,4.13
4,4.13
4,4.13
4,4.13
4,4.13
4,4.13
4,4.13
4,4.13
4,4.13
4,4.13
4,4.13
4,4.13
4,4.13
4,4.13
4,4.13
4,4.13
4,4.13
4,4.13
4,4.13
4,4.13
4,4.13
4,4.13
4,4.13
4,4.12
4,4.12
4,4.12
4,4.12
4,4.12
4,4.12
4,4.12
4,4.12
4,4.12
4,4.12
4,4.12
4,4.12
4,4.12
4,4.12
4,4.12
4,4.12
4,4.12
4,4.12
4,4.12
4,4.12
4,4.12
4,4.12
4,4.12
4,4.12
4,4.12
4,4.12
4,4.12
4,4.12
4,4.12
4,4.12
4,4.12
4,4.12
4,4.12
4,4.12
4,4.12
4,4.12
4,4.12
4,4.12
4,4.12
4,4.12
4,4.12
4,4.12
4,4.12
4,4.12
4,4.12
4,4.12
4,4.12
4,4.12
4,4.12
4,4.12
4,4.12
4,4.12
4,4.12
4,4.12
4,4.12
4,4.12
4,4.12
4,4.12
8,4.11
8,4.11
8,4.11
8,4.11
8,4.11
8,4.11
8,4.11
8,4.11
8,4.11
8,4.11
8,4.11
8,4.11
8,4.11
8,4.11
8,4.11
8,4.11
8,4.11
8,4.11
8,4.11
8,4.11
8,4.11
8,4.11
8,4.11
8,4.11
8,4.11
8,4.11
8,4.11
8,4.11
8,4.11
8,4.11
8,4.11
8,4.11
8,4.11
8,4.11
8,4.11
8,4.11
8,4.11
8,4.11
8,4.11
8,4.11
8,4.11
8,4.11
8,4.11
8,4.11
8,4.11
8,4.11
8,4.11
8,4.11
8,4.11
8,4.11
8,4.11
8,4.11
8,4.11
8,4.11
8,4.11
8,4.11
8,4.11
8,4.11
8,4.11
8,4.11
8,4.11
8,4.11
8,4.11
8,4.11
8,4.11
8,4.11
8,4.11
8,4.11
8,4.11
8,4.11
8,4.11
8,4.11
8,4.11
8,4.11
8,4.11
8,4.11
8,4.11
8,4.11
8,4.11
8,4.11
8,4.11
8,4.11
8,4.11
8,4.11
8,4.11
8,4.11
8,4.11
8,4.11
8,4.11
8,4.11
8,4.11
8,4.11
8,4.11
8,4.11
8,4.11
8,4.11
8,4.11
8,4.11
8,4.11
8,4.11
8,4.11
8,4.11
8,4.11
8,4.11
8,4.11
8,4.11
8,4.11
8,4.11
8,4.11
8,4.11
8,4.11
8,4.11
8,4.11
8,4.11
8,4.11
8,4.11
8,4.11
8,4.11
8,4.11
8,4.11
8,4.11
8,4.11
8,4.11
8,4.11
8,4.11
8,4.11
8,4.11
8,4.11
8,4.11
8,4.11
8,4.11
8,4.11
8,4.11
8,4.11
8,4.11
8,4.11
8,4.11
8,4.11
8,4.11
8,4.11
8,4.11
8,4.11
8,4.11
8,4.11
8,4.11
8,4.11
8,4.11
8,4.11
8,4.11
8,4.11
8,4.11
8,4.11
8,4.11
8,4.11
8,4.11
8,4.11
8,4.11
8,4.11
8,4.11
8,4.11
8,4.11
8,4.11
8,4.11
8,4.11
8,4.11
8,4.11
8,4.11
8,4.11
8,4.11
8,4.11
8,4.11
8,4.11
8,4.11
8,4.11
8,4.11
8,4.11
8,4.11
8,4.11
8,4.11
8,4.11
8,4.11
8,4.11
8,4.11
8,4.11
8,4.11
8,4.11
8,4.11
8,4.11
8,4.11
8,4.11
8,4.11
8,4.11
8,4.11
8,4.11
8,4.11
8,4.11
8,4.11
8,4.11
8,4.11
8,4.11
8,4.11
8,4.11
8,4.11
8,4.11
8,4.11
8,4.11
8,4.11
8,4.11
8,4.11
8,4.11
8,4.11
8,4.11
8,4.11
8,4.11
8,4.11
8,4.11
8,4.11
12,4.11
12,4.11
12,4.11
12,4.11
12,4.11
12,4.11
12,4.11
12,4.11
12,4.11
12,4.11
12,4.11
12,4.11
12,4.11
12,4.11
12,4.11
12,4.11
12,4.11
12,4.11
12,4.11
12,4.11
12,4.11
12,4.11
12,4.11
12,4.11
12,4.11
12,4.11
12,4.11
12,4.11
12,4.11
12,4.11
12,4.11
12,4.11
12,4.11
12,4.11
12,4.11
12,4.11
12,4.11
12,4.11
12,4.11
12,4.11
12,4.11
12,4.11
12,4.11
12,4.11
12,4.11
12,4.11
12,4.11
12,4.11
12,4.11
12,4.11
12,4.11
12,4.11
12,4.11
12,4.11
12,4.11
12,4.11
12,4.11
12,4.11
4,4.11
4,4.11
4,4.11
4,4.11
4,4.11
4,4.11
4,4.11
4,4.11
4,4.11
4,4.11
4,4.11
4,4.11
4,4.11
4,4.11
4,4.11
4,4.11
4,4.11
4,4.11
4,4.11
4,4.11
4,4.11
4,4.11
4,4.11
4,4.11
4,4.11
4,4.11
4,4.11
4,4.11
4,4.11
4,4.11
4,4.11
4,4.11
4,4.11
4,4.11
4,4.11
4,4.11
4,4.11
4,4.11
4,4.11
4,4.11
4,4.11
4,4.11
4,4.11
4,4.11
4,4.11
4,4.11
4,4.11
4,4.11
4,4.11
4,4.11
4,4.11
4,4.11
4,4.11
4,4.11
4,4.11
4,4.11
4,4.11
4,4.11
4,4.11
4,4.11
4,4.11
4,4.11
4,4.11
4,4.11
4,4.11
4,4.11
4,4.11
4,4.11
4,4.11
4,4.11
4,4.11
4,4.11
4,4.11
4,4.11
4,4.11
4,4.11
4,4.11
4,4.11
4,4.11
4,4.11
4,4.11
4,4.11
4,4.11
4,4.11
4,4.11
4,4.11
4,4.11
4,4.11
4,4.11
4,4.11
4,4.11
4,4.11
4,4.11
4,4.11
4,4.11
4,4.11
4,4.11
4,4.11
4,4.11
4,4.11
4,4.11
4,4.11
4,4.11
4,4.11
4,4.11
4,4.11
4,4.11
4,4.11
4,4.11
4,4.11
4,4.11
4,4.11
4,4.11
4,4.11
4,4.11
4,4.11
4,4.11
4,4.11
4,4.11
4,4.11
4,4.11
4,4.11
4,4.11
4,4.11
4,4.11
4,4.11
4,4.11
4,4.11
4,4.11
4,4.11
4,4.11
4,4.11
4,4.11
4,4.11
4,4.11
4,4.11
4,4.11
4,4.11
4,4.11
4,4.11
4,4.11
4,4.11
4,4.11
4,4.11
4,4.11
4,4.11
4,4.11
4,4.11
4,4.11
4,4.11
4,4.11
4,4.11
4,4.11
4,4.11
4,4.11
4,4.11
4,4.11
4,4.11
4,4.11
4,4.11
4,4.11
4,4.11
4,4.11
4,4.11
4,4.11
4,4.11
4,4.11
4,4.11
4,4.11
4,4.11
4,4.11
4,4.11
4,4.11
4,4.11
4,4.11
4,4.11
4,4.11
4,4.11
4,4.11
4,4.11
4,4.11
4,4.11
4,4.11
4,4.11
4,4.11
4,4.11
4,4.11
4,4.11
4,4.11
4,4.11
4,4.11
4,4.11
4,4.11
4,4.11
4,4.11
4,4.11
4,4.11
4,4.11
4,4.11
4,4.11
4,4.11
4,4.11
4,4.11
4,4.11
4,4.11
4,4.11
4,4.11
4,4.11
4,4.11
4,4.11
4,4.11
4,4.11
4,4.11
4,4.11
4,4.11
4,4.11
4,4.11
4,4.11
4,4.11
4,4.11
4,4.11
4,4.11
4,4.11
4,4.11
4,4.11
4,4.11
4,4.11
4,4.11
4,4.11
4,4.11
4,4.11
4,4.11
4,4.11
4,4.11
4,4.11
4,4.11
4,4.11
4,4.11
4,4.11
4,4.11
4,4.11
4,4.11
4,4.11
4,4.11
4,4.11
4,4.11
4,4.11
4,4.11
4,4.11
4,4.11
4,4.11
4,4.11
4,4.11
4,4.11
4,4.11
4,4.11
4,4.11
4,4.11
4,4.11
4,4.11
4,4.11
4,4.11
4,4.11
4,4.11
4,4.11
4,4.11
4,4.11
4,4.11
4,4.11
4,4.11
4,4.11
4,4.11
4,4.11
4,4.11
11,4.09
11,4.09
11,4.09
11,4.09
11,4.09
11,4.09
11,4.09
11,4.09
11,4.09
11,4.09
11,4.09
4,4.07
4,4.07
4,4.07
4,4.07
4,4.07
4,4.07
4,4.07
4,4.07
4,4.07
4,4.07
4,4.07
4,4.07
4,4.07
4,4.07
4,4.07
4,4.07
4,4.07
4,4.07
4,4.07
4,4.07
4,4.07
4,4.07
4,4.07
4,4.07
4,4.07
4,4.07
4,4.07
4,4.07
4,4.07
4,4.07
4,4.07
4,4.07
12,4.05
12,4.05
12,4.05
12,4.05
12,4.05
12,4.05
12,4.05
12,4.05
12,4.05
12,4.05
12,4.05
12,4.05
12,4.05
12,4.05
12,4.05
12,4.05
12,4.05
12,4.05
12,4.05
12,4.05
12,4.05
12,4.05
12,4.05
12,4.05
12,4.05
12,4.05
12,4.05
12,4.05
12,4.05
12,4.05
12,4.05
12,4.05
12,4.05
12,4.05
12,4.05
8,4.05
8,4.05
8,4.05
8,4.05
8,4.05
8,4.05
8,4.05
8,4.05
8,4.05
8,4.05
8,4.05
8,4.05
8,4.05
8,4.05
8,4.05
8,4.05
8,4.05
8,4.05
8,4.05
8,4.05
8,4.05
8,4.05
8,4.05
8,4.05
8,4.05
8,4.05
8,4.05
8,4.05
8,4.05
8,4.05
8,4.05
8,4.05
8,4.05
8,4.05
8,4.05
8,4.05
8,4.05
8,4.05
8,4.05
8,4.05
8,4.05
8,4.05
8,4.05
8,4.05
8,4.05
8,4.05
8,4.05
8,4.05
8,4.05
8,4.05
8,4.05
8,4.05
8,4.05
8,4.05
8,4.05
8,4.05
8,4.05
8,4.05
8,4.05
8,4.05
8,4.05
8,4.05
8,4.05
8,4.05
8,4.05
8,4.05
8,4.05
8,4.05
8,4.05
8,4.05
8,4.05
8,4.05
8,4.05
8,4.05
8,4.05
8,4.05
8,4.05
8,4.05
8,4.05
8,4.05
8,4.05
8,4.05
8,4.05
8,4.05
8,4.05
8,4.05
8,4.05
8,4.05
8,4.05
8,4.05
8,4.05
8,4.05
8,4.05
8,4.05
8,4.05
8,4.05
8,4.05
8,4.05
8,4.05
8,4.05
8,4.05
8,4.05
8,4.05
8,4.05
8,4.05
8,4.05
8,4.05
8,4.05
8,4.05
8,4.05
8,4.05
8,4.05
8,4.05
8,4.05
8,4.05
8,4.05
8,4.05
8,4.05
8,4.05
8,4.05
8,4.05
8,4.05
8,4.05
8,4.05
8,4.05
8,4.05
8,4.05
8,4.05
8,4.05
8,4.05
8,4.05
8,4.05
8,4.05
8,4.05
8,4.05
8,4.05
8,4.05
8,4.05
8,4.05
8,4.05
8,4.05
8,4.05
8,4.05
8,4.05
8,4.05
8,4.05
8,4.05
8,4.05
8,4.05
8,4.05
8,4.05
8,4.05
8,4.05
8,4.05
8,4.05
8,4.05
8,4.05
8,4.05
8,4.05
8,4.05
8,4.05
8,4.05
8,4.05
8,4.05
8,4.05
8,4.05
8,4.05
8,4.05
8,4.05
8,4.05
8,4.05
8,4.05
8,4.05
8,4.05
8,4.05
8,4.05
8,4.05
8,4.05
8,4.05
8,4.05
8,4.05
8,4.05
8,4.05
8,4.05
8,4.05
8,4.05
8,4.05
8,4.05
8,4.05
8,4.05
8,4.05
8,4.05
8,4.05
8,4.05
8,4.05
8,4.05
8,4.05
8,4.05
8,4.05
8,4.05
8,4.05
8,4.05
8,4.05
8,4.05
8,4.05
8,4.05
8,4.05
8,4.05
8,4.05
8,4.05
8,4.05
8,4.05
8,4.05
8,4.05
8,4.05
8,4.05
8,4.05
8,4.05
8,4.05
8,4.05
8,4.05
8,4.05
8,4.05
8,4.05
8,4.05
8,4.05
8,4.05
8,4.05
8,4.05
8,4.05
8,4.05
8,4.05
8,4.05
8,4.05
8,4.05
8,4.05
8,4.05
8,4.05
8,4.05
8,4.05
8,4.05
8,4.05
8,4.05
8,4.05
8,4.05
8,4.05
8,4.05
8,4.05
8,4.05
8,4.05
8,4.05
8,4.05
8,4.05
8,4.05
8,4.05
8,4.05
8,4.05
8,4.05
8,4.05
8,4.05
8,4.05
8,4.05
8,4.05
8,4.05
8,4.05
8,4.05
8,4.05
8,4.04
8,4.04
8,4.04
8,4.04
8,4.04
8,4.04
8,4.04
8,4.04
8,4.04
8,4.04
8,4.04
8,4.04
8,4.04
8,4.04
8,4.04
8,4.04
8,4.04
8,4.04
8,4.04
8,4.04
8,4.03
8,4.03
8,4.03
8,4.03
8,4.03
8,4.03
8,4.03
8,4.03
8,4.03
8,4.03
8,4.03
8,4.03
8,4.03
4,4.03
4,4.03
4,4.03
4,4.03
4,4.03
4,4.03
4,4.03
4,4.03
4,4.03
4,4.03
4,4.03
4,4.03
4,4.03
8,4.02
8,4.02
8,4.02
8,4.02
8,4.02
8,4.02
8,4.02
8,4.02
8,4.02
8,4.02
8,4.02
8,4.02
8,4.02
2,4.02
2,4.02
2,4.02
2,4.02
2,4.02
2,4.02
2,4.02
2,4.02
2,4.02
2,4.02
2,4.02
8,4.02
8,4.02
8,4.02
8,4.02
8,4.02
8,4.02
8,4.02
8,4.02
8,4.02
8,4.02
8,4.02
8,4.02
8,4.02
12,4.01
12,4.01
12,4.01
12,4.01
12,4.01
12,4.01
12,4.01
12,4.01
12,4.01
12,4.01
12,4.01
12,4.01
12,4.01
12,4.01
12,4.01
12,4.01
12,4.01
12,4.01
12,4.01
12,4.01
12,4.01
8,4.01
8,4.01
8,4.01
8,4.01
8,4.01
8,4.01
8,4.01
8,4.01
8,4.01
8,4.01
4,4.01
4,4.01
4,4.01
4,4.01
4,4.01
4,4.01
4,4.01
4,4.01
4,4.01
4,4.01
4,4.01
4,4.01
4,4.01
4,4.01
12,4.0
12,4.0
12,4.0
12,4.0
12,4.0
12,4.0
12,4.0
12,4.0
12,4.0
12,4.0
12,4.0
12,4.0
12,4.0
12,4.0
12,4.0
12,4.0
12,4.0
12,4.0
12,4.0
12,4.0
12,4.0
12,4.0
12,4.0
12,4.0
12,4.0
12,4.0
12,4.0
12,4.0
12,4.0
12,4.0
12,4.0
12,4.0
12,4.0
12,4.0
12,4.0
12,4.0
12,4.0
12,4.0
12,4.0
12,4.0
12,4.0
12,4.0
12,4.0
12,4.0
12,4.0
12,4.0
12,4.0
12,4.0
12,4.0
12,4.0
12,4.0
12,4.0
12,4.0
12,4.0
12,4.0
12,4.0
12,4.0
12,4.0
12,4.0
12,4.0
12,4.0
12,4.0
12,4.0
12,4.0
12,4.0
12,4.0
12,4.0
12,4.0
12,4.0
12,4.0
12,4.0
12,4.0
12,4.0
12,4.0
12,4.0
12,4.0
12,4.0
12,4.0
12,4.0
12,4.0
12,4.0
12,4.0
12,4.0
12,4.0
12,4.0
12,4.0
12,4.0
12,4.0
12,4.0
12,4.0
12,4.0
12,4.0
12,4.0
12,4.0
12,4.0
12,4.0
12,4.0
12,4.0
12,4.0
12,4.0
12,4.0
12,4.0
12,4.0
12,4.0
12,4.0
12,4.0
12,4.0
12,4.0
12,4.0
12,4.0
12,4.0
12,4.0
12,4.0
12,4.0
12,4.0
12,4.0
12,4.0
12,4.0
12,4.0
12,4.0
12,4.0
12,4.0
12,4.0
12,4.0
12,4.0
12,4.0
12,4.0
8,4.0
8,4.0
8,4.0
8,4.0
8,4.0
8,4.0
8,4.0
8,4.0
8,4.0
8,4.0
8,4.0
8,4.0
8,4.0
8,4.0
8,4.0
8,4.0
8,4.0
8,4.0
4,3.99
4,3.99
4,3.99
4,3.99
4,3.99
4,3.99
4,3.99
4,3.99
4,3.99
4,3.99
4,3.99
4,3.99
4,3.99
4,3.99
4,3.99
4,3.99
4,3.99
4,3.99
4,3.99
4,3.99
4,3.99
4,3.99
4,3.98
4,3.98
4,3.98
4,3.98
4,3.98
4,3.98
4,3.98
4,3.98
4,3.98
4,3.98
4,3.98
4,3.98
4,3.98
4,3.98
4,3.98
4,3.98
4,3.98
4,3.98
4,3.98
4,3.98
4,3.98
4,3.98
4,3.98
4,3.98
4,3.98
4,3.98
4,3.98
4,3.98
4,3.98
4,3.98
4,3.98
4,3.98
4,3.98
4,3.98
4,3.98
4,3.98
4,3.98
4,3.98
4,3.98
4,3.98
4,3.98
4,3.98
4,3.98
4,3.98
4,3.98
4,3.98
4,3.98
4,3.98
4,3.98
4,3.98
4,3.98
4,3.98
4,3.98
4,3.98
4,3.98
4,3.98
4,3.98
4,3.98
4,3.98
4,3.98
4,3.98
4,3.98
4,3.98
4,3.98
4,3.98
4,3.98
4,3.98
4,3.98
4,3.98
4,3.98
4,3.98
4,3.98
4,3.98
4,3.98
4,3.98
4,3.98
4,3.98
4,3.98
4,3.98
4,3.98
4,3.98
4,3.98
4,3.98
4,3.98
4,3.98
4,3.98
4,3.98
4,3.98
4,3.98
4,3.98
4,3.98
4,3.98
4,3.98
4,3.98
4,3.98
4,3.98
4,3.98
4,3.98
4,3.98
4,3.98
4,3.98
4,3.98
4,3.98
4,3.98
4,3.98
4,3.98
4,3.98
4,3.98
4,3.98
4,3.98
4,3.98
4,3.98
4,3.98
4,3.98
4,3.98
4,3.98
4,3.98
4,3.98
4,3.98
4,3.98
4,3.98
4,3.98
4,3.98
4,3.98
4,3.98
4,3.98
4,3.98
4,3.98
4,3.98
4,3.98
4,3.97
4,3.97
4,3.97
4,3.97
4,3.97
4,3.97
4,3.97
4,3.97
4,3.97
4,3.97
16,3.97
16,3.97
16,3.97
16,3.97
16,3.97
16,3.97
16,3.97
16,3.97
16,3.97
16,3.97
16,3.97
16,3.97
16,3.97
16,3.97
16,3.97
16,3.97
16,3.97
16,3.97
16,3.97
16,3.97
16,3.97
16,3.97
16,3.97
16,3.97
16,3.97
16,3.97
16,3.97
16,3.97
16,3.97
16,3.97
16,3.97
16,3.97
16,3.97
16,3.97
16,3.97
16,3.97
16,3.97
16,3.97
16,3.97
16,3.97
16,3.97
16,3.97
16,3.97
16,3.97
16,3.97
16,3.97
16,3.97
16,3.97
16,3.97
16,3.97
16,3.97
16,3.97
16,3.97
16,3.97
16,3.97
16,3.97
16,3.97
16,3.97
16,3.97
16,3.97
16,3.97
16,3.97
16,3.97
16,3.97
16,3.97
16,3.97
16,3.97
16,3.97
16,3.97
16,3.97
16,3.97
16,3.97
16,3.97
16,3.97
16,3.97
16,3.97
16,3.97
16,3.97
16,3.97
16,3.97
16,3.97
16,3.97
16,3.97
16,3.97
16,3.97
16,3.97
16,3.97
16,3.97
16,3.97
16,3.97
16,3.97
16,3.97
16,3.97
16,3.97
16,3.97
16,3.97
16,3.97
16,3.97
16,3.97
16,3.97
16,3.97
16,3.97
16,3.97
16,3.97
16,3.97
16,3.97
16,3.97
16,3.97
16,3.97
16,3.97
16,3.97
16,3.97
16,3.97
16,3.97
16,3.97
16,3.97
16,3.97
16,3.97
16,3.97
16,3.97
16,3.97
16,3.97
16,3.97
16,3.97
16,3.97
16,3.97
16,3.97
16,3.97
16,3.97
16,3.97
16,3.97
16,3.97
16,3.97
16,3.97
16,3.97
16,3.97
16,3.97
16,3.97
16,3.97
16,3.97
16,3.97
16,3.97
16,3.97
16,3.97
16,3.97
16,3.97
16,3.97
16,3.97
16,3.97
16,3.97
16,3.97
16,3.97
16,3.97
16,3.97
16,3.97
16,3.97
16,3.97
16,3.97
16,3.97
16,3.97
16,3.97
16,3.97
16,3.97
16,3.97
16,3.97
4,3.96
4,3.96
4,3.96
4,3.96
4,3.96
4,3.96
4,3.96
4,3.96
4,3.96
4,3.96
4,3.96
4,3.96
4,3.96
4,3.96
4,3.96
4,3.96
4,3.96
4,3.96
4,3.96
4,3.96
4,3.96
4,3.96
12,3.96
12,3.96
12,3.96
12,3.96
12,3.96
12,3.96
12,3.96
12,3.96
12,3.96
12,3.96
12,3.96
12,3.96
12,3.96
12,3.96
12,3.96
12,3.96
12,3.96
12,3.96
12,3.96
12,3.96
12,3.96
12,3.96
12,3.96
12,3.96
12,3.96
12,3.96
12,3.96
12,3.96
12,3.96
12,3.96
12,3.96
12,3.96
12,3.96
12,3.96
12,3.96
12,3.96
12,3.96
12,3.96
12,3.96
12,3.96
12,3.96
12,3.96
12,3.96
12,3.96
12,3.96
12,3.96
12,3.96
12,3.96
12,3.96
12,3.96
12,3.96
12,3.96
12,3.96
12,3.96
12,3.96
12,3.96
12,3.96
12,3.96
12,3.96
12,3.96
12,3.96
12,3.96
12,3.96
12,3.96
12,3.96
12,3.96
12,3.96
12,3.96
12,3.96
12,3.96
12,3.96
12,3.96
12,3.96
12,3.96
12,3.96
12,3.96
12,3.96
12,3.96
12,3.96
12,3.96
12,3.96
12,3.96
12,3.96
12,3.96
12,3.96
12,3.96
12,3.96
12,3.96
12,3.96
12,3.96
12,3.96
12,3.96
12,3.96
12,3.96
12,3.96
12,3.96
12,3.96
12,3.96
12,3.96
12,3.96
12,3.96
12,3.96
12,3.96
12,3.96
12,3.96
12,3.96
12,3.96
12,3.96
36,3.94
36,3.94
36,3.94
36,3.94
36,3.94
36,3.94
36,3.94
36,3.94
36,3.94
36,3.94
36,3.94
36,3.94
12,3.94
12,3.94
12,3.94
12,3.94
12,3.94
12,3.94
12,3.94
12,3.94
12,3.94
12,3.94
12,3.94
12,3.94
12,3.94
12,3.94
12,3.94
8,3.93
8,3.93
8,3.93
8,3.93
8,3.93
8,3.93
8,3.93
8,3.93
8,3.93
8,3.93
24,3.92
24,3.92
24,3.92
24,3.92
24,3.92
24,3.92
24,3.92
24,3.92
24,3.92
24,3.92
24,3.92
24,3.92
24,3.92
8,3.92
8,3.92
8,3.92
8,3.92
8,3.92
8,3.92
8,3.92
8,3.92
8,3.92
8,3.92
8,3.92
8,3.92
8,3.92
8,3.92
2,3.92
2,3.92
2,3.92
2,3.92
2,3.92
2,3.92
2,3.92
2,3.92
2,3.92
2,3.92
8,3.92
8,3.92
8,3.92
8,3.92
8,3.92
8,3.92
8,3.92
8,3.92
8,3.92
8,3.92
8,3.92
8,3.92
8,3.92
8,3.92
8,3.92
8,3.92
8,3.92
8,3.92
8,3.92
8,3.92
8,3.92
8,3.92
8,3.92
8,3.92
4,3.9
4,3.9
4,3.9
4,3.9
4,3.9
4,3.9
4,3.9
4,3.9
4,3.9
4,3.9
4,3.9
4,3.9
4,3.9
7,3.9
7,3.9
7,3.9
7,3.9
7,3.9
7,3.9
7,3.9
7,3.9
7,3.9
7,3.9
7,3.9
7,3.9
7,3.9
7,3.9
7,3.9
7,3.9
7,3.9
7,3.9
7,3.9
7,3.9
7,3.9
7,3.9
7,3.9
7,3.9
7,3.9
7,3.9
7,3.9
7,3.9
7,3.9
7,3.9
7,3.9
7,3.9
7,3.9
7,3.9
7,3.9
7,3.9
7,3.9
7,3.9
7,3.9
7,3.9
7,3.9
7,3.9
7,3.9
7,3.9
7,3.9
7,3.9
7,3.9
7,3.9
7,3.9
7,3.9
7,3.9
7,3.9
7,3.9
7,3.9
7,3.9
7,3.9
7,3.9
7,3.9
7,3.9
7,3.9
7,3.9
7,3.9
7,3.9
7,3.9
7,3.9
7,3.9
7,3.9
7,3.9
7,3.9
7,3.9
7,3.9
7,3.9
7,3.9
7,3.9
7,3.9
7,3.9
7,3.9
7,3.9
7,3.9
7,3.9
8,3.89
8,3.89
8,3.89
8,3.89
8,3.89
8,3.89
8,3.89
8,3.89
8,3.89
8,3.89
8,3.89
8,3.89
8,3.89
8,3.89
8,3.89
8,3.89
8,3.89
8,3.89
8,3.89
8,3.89
8,3.89
8,3.89
8,3.89
8,3.89
8,3.89
8,3.89
8,3.89
8,3.89
8,3.89
8,3.89
8,3.89
8,3.89
8,3.89
8,3.89
8,3.89
8,3.89
8,3.89
8,3.89
8,3.89
8,3.89
8,3.89
8,3.89
8,3.89
8,3.89
8,3.89
8,3.89
8,3.89
8,3.89
8,3.89
8,3.89
8,3.89
8,3.89
8,3.89
8,3.89
8,3.89
8,3.89
8,3.89
8,3.89
8,3.89
8,3.89
8,3.89
8,3.89
8,3.89
8,3.89
8,3.89
8,3.89
8,3.89
8,3.89
8,3.89
8,3.89
8,3.89
8,3.89
8,3.89
8,3.89
8,3.89
8,3.89
8,3.89
8,3.89
8,3.89
8,3.89
8,3.89
8,3.89
8,3.89
8,3.89
8,3.89
8,3.89
8,3.89
8,3.89
8,3.89
8,3.89
8,3.89
8,3.89
8,3.89
8,3.89
8,3.89
8,3.89
8,3.89
8,3.89
8,3.89
8,3.89
8,3.89
8,3.89
8,3.89
8,3.89
8,3.89
8,3.89
8,3.89
8,3.89
8,3.89
8,3.89
8,3.89
8,3.89
8,3.89
8,3.89
8,3.89
8,3.89
8,3.89
8,3.89
8,3.89
8,3.89
8,3.89
8,3.89
8,3.89
8,3.89
8,3.89
8,3.89
8,3.89
8,3.89
8,3.89
8,3.89
8,3.89
8,3.89
8,3.88
8,3.88
8,3.88
8,3.88
8,3.88
8,3.88
8,3.88
8,3.88
8,3.88
8,3.88
8,3.88
8,3.88
8,3.88
8,3.88
8,3.88
8,3.88
8,3.88
8,3.88
8,3.88
8,3.88
8,3.88
8,3.87
8,3.87
8,3.87
8,3.87
8,3.87
8,3.87
8,3.87
8,3.87
8,3.87
8,3.87
8,3.87
8,3.87
8,3.87
8,3.87
8,3.87
8,3.87
8,3.87
8,3.86
8,3.86
8,3.86
8,3.86
8,3.86
8,3.86
8,3.86
8,3.86
8,3.86
8,3.86
8,3.86
8,3.86
4,3.86
4,3.86
4,3.86
4,3.86
4,3.86
4,3.86
4,3.86
4,3.86
4,3.86
4,3.86
4,3.86
4,3.86
4,3.86
4,3.86
4,3.86
4,3.86
4,3.86
4,3.86
4,3.86
4,3.86
4,3.86
4,3.86
4,3.86
16,3.85
16,3.85
16,3.85
16,3.85
16,3.85
16,3.85
16,3.85
16,3.85
16,3.85
16,3.85
16,3.85
16,3.85
16,3.85
16,3.85
16,3.85
16,3.85
4,3.83
4,3.83
4,3.83
4,3.83
4,3.83
4,3.83
4,3.83
4,3.83
4,3.83
4,3.83
4,3.83
4,3.83
4,3.83
8,3.83
8,3.83
8,3.83
8,3.83
8,3.83
8,3.83
8,3.83
8,3.83
8,3.83
8,3.83
8,3.83
8,3.83
8,3.83
8,3.83
8,3.83
8,3.83
8,3.83
8,3.83
8,3.83
8,3.83
8,3.83
8,3.83
8,3.83
8,3.83
8,3.83
8,3.83
8,3.83
8,3.83
8,3.83
8,3.83
8,3.83
8,3.83
8,3.83
8,3.83
8,3.83
8,3.83
8,3.83
8,3.83
8,3.83
8,3.83
8,3.83
8,3.83
8,3.83
10,3.81
10,3.81
10,3.81
10,3.81
10,3.81
10,3.81
10,3.81
10,3.81
10,3.81
10,3.81
8,3.79
8,3.79
8,3.79
8,3.79
8,3.79
8,3.79
8,3.79
8,3.79
8,3.79
8,3.79
8,3.79
8,3.79
8,3.79
8,3.79
8,3.79
8,3.79
8,3.79
8,3.79
8,3.79
8,3.79
8,3.79
8,3.79
8,3.79
8,3.79
8,3.79
8,3.79
8,3.79
8,3.79
8,3.79
8,3.79
8,3.79
8,3.79
4,3.79
4,3.79
4,3.79
4,3.79
4,3.79
4,3.79
4,3.79
4,3.79
4,3.79
4,3.79
4,3.79
4,3.79
4,3.79
4,3.79
4,3.79
4,3.79
4,3.79
4,3.79
4,3.79
4,3.79
4,3.79
8,3.79
8,3.79
8,3.79
8,3.79
8,3.79
8,3.79
8,3.79
8,3.79
8,3.79
8,3.79
8,3.79
8,3.79
8,3.79
8,3.79
8,3.79
8,3.79
8,3.79
8,3.78
8,3.78
8,3.78
8,3.78
8,3.78
8,3.78
8,3.78
8,3.78
8,3.78
8,3.78
8,3.78
8,3.78
8,3.78
8,3.78
8,3.78
8,3.78
8,3.78
8,3.78
12,3.78
12,3.78
12,3.78
12,3.78
12,3.78
12,3.78
12,3.78
12,3.78
12,3.78
12,3.78
12,3.78
12,3.78
12,3.78
12,3.78
12,3.78
12,3.78
12,3.78
12,3.78
12,3.78
12,3.78
12,3.78
12,3.78
12,3.78
12,3.78
12,3.78
12,3.78
12,3.78
12,3.78
12,3.78
12,3.78
12,3.78
12,3.78
12,3.78
12,3.78
12,3.78
12,3.78
12,3.78
12,3.78
12,3.78
12,3.78
12,3.78
12,3.78
12,3.78
12,3.78
12,3.78
12,3.78
12,3.78
12,3.78
12,3.78
12,3.78
12,3.78
12,3.78
12,3.78
12,3.78
12,3.78
12,3.78
12,3.78
12,3.78
12,3.78
12,3.78
12,3.78
12,3.78
12,3.78
12,3.78
12,3.78
12,3.78
12,3.78
12,3.78
12,3.78
12,3.78
12,3.78
12,3.78
12,3.78
12,3.78
12,3.78
12,3.78
12,3.78
12,3.78
12,3.78
4,3.75
4,3.75
4,3.75
4,3.75
4,3.75
4,3.75
4,3.75
4,3.75
4,3.75
4,3.75
4,3.75
4,3.75
4,3.75
4,3.75
4,3.75
4,3.75
4,3.75
4,3.75
4,3.75
4,3.75
4,3.75
4,3.75
4,3.75
4,3.75
4,3.75
4,3.75
4,3.75
4,3.75
4,3.75
4,3.75
4,3.75
4,3.75
4,3.75
4,3.74
4,3.74
4,3.74
4,3.74
4,3.74
4,3.74
4,3.74
4,3.74
4,3.74
4,3.74
4,3.74
4,3.74
4,3.74
4,3.74
4,3.74
4,3.74
4,3.74
4,3.74
4,3.74
4,3.74
4,3.74
4,3.74
4,3.74
4,3.74
4,3.74
4,3.74
4,3.74
4,3.74
4,3.74
4,3.74
4,3.74
4,3.74
4,3.74
4,3.74
4,3.74
4,3.74
4,3.74
4,3.74
4,3.74
4,3.74
4,3.74
4,3.74
4,3.74
4,3.74
4,3.74
4,3.74
4,3.74
4,3.74
4,3.74
4,3.74
4,3.74
4,3.74
4,3.74
4,3.74
4,3.74
4,3.74
4,3.74
4,3.74
4,3.74
4,3.74
4,3.74
4,3.74
4,3.74
4,3.74
4,3.74
4,3.74
4,3.74
4,3.74
4,3.74
4,3.74
4,3.74
4,3.74
4,3.74
4,3.74
4,3.74
4,3.74
4,3.74
4,3.74
4,3.74
4,3.74
4,3.74
4,3.74
4,3.74
4,3.74
4,3.74
4,3.74
4,3.74
4,3.74
4,3.74
4,3.74
4,3.74
4,3.74
4,3.74
4,3.74
4,3.74
4,3.74
4,3.74
4,3.74
4,3.74
4,3.74
4,3.74
4,3.74
4,3.74
4,3.74
4,3.74
4,3.74
4,3.74
4,3.74
4,3.74
4,3.74
4,3.74
4,3.74
4,3.74
4,3.74
4,3.74
4,3.74
4,3.74
4,3.74
4,3.74
4,3.74
4,3.74
4,3.74
4,3.74
4,3.74
4,3.74
16,3.73
16,3.73
16,3.73
16,3.73
16,3.73
16,3.73
16,3.73
16,3.73
16,3.73
16,3.73
16,3.73
16,3.73
16,3.73
16,3.73
16,3.73
16,3.73
16,3.73
16,3.73
16,3.73
4,3.73
4,3.73
4,3.73
4,3.73
4,3.73
4,3.73
4,3.73
4,3.73
4,3.73
4,3.73
4,3.73
4,3.73
4,3.73
4,3.73
4,3.73
4,3.73
4,3.73
4,3.73
4,3.73
4,3.73
4,3.73
4,3.73
4,3.73
4,3.73
4,3.73
4,3.73
4,3.73
4,3.73
4,3.73
4,3.73
4,3.73
4,3.73
4,3.73
4,3.73
4,3.73
4,3.73
4,3.73
4,3.73
4,3.71
4,3.71
4,3.71
4,3.71
4,3.71
4,3.71
4,3.71
4,3.71
4,3.71
4,3.71
4,3.71
4,3.71
4,3.69
4,3.69
4,3.69
4,3.69
4,3.69
4,3.69
4,3.69
4,3.69
4,3.69
4,3.69
4,3.69
4,3.69
4,3.69
4,3.69
4,3.69
4,3.69
4,3.69
4,3.69
4,3.69
4,3.69
4,3.69
4,3.69
4,3.69
4,3.69
4,3.69
4,3.69
4,3.69
4,3.69
4,3.69
4,3.69
4,3.69
4,3.69
4,3.69
4,3.69
4,3.69
4,3.69
4,3.69
4,3.69
4,3.69
4,3.69
4,3.69
4,3.69
4,3.69
4,3.69
4,3.69
4,3.69
4,3.69
4,3.69
4,3.69
4,3.69
4,3.69
4,3.69
4,3.69
4,3.69
4,3.69
4,3.69
4,3.69
4,3.69
4,3.69
4,3.69
4,3.69
4,3.69
4,3.69
4,3.69
4,3.69
4,3.69
4,3.69
4,3.69
4,3.69
4,3.69
4,3.69
4,3.69
4,3.69
4,3.69
4,3.69
4,3.69
4,3.69
4,3.69
8,3.69
8,3.69
8,3.69
8,3.69
8,3.69
8,3.69
8,3.69
8,3.69
8,3.69
8,3.69
8,3.69
8,3.69
8,3.69
8,3.69
8,3.69
8,3.69
8,3.69
8,3.69
8,3.69
8,3.69
8,3.69
8,3.69
8,3.69
8,3.69
8,3.69
8,3.69
8,3.69
8,3.69
8,3.69
8,3.69
8,3.69
8,3.69
8,3.69
8,3.69
8,3.69
8,3.69
8,3.69
8,3.69
8,3.69
8,3.69
8,3.69
8,3.69
8,3.69
8,3.69
8,3.69
8,3.69
8,3.69
8,3.69
8,3.69
8,3.69
8,3.69
8,3.69
8,3.69
8,3.69
8,3.69
8,3.69
8,3.69
8,3.69
8,3.69
8,3.69
8,3.69
8,3.69
8,3.69
8,3.69
8,3.69
8,3.69
8,3.69
8,3.69
8,3.69
8,3.69
8,3.69
8,3.69
8,3.69
8,3.69
8,3.69
8,3.69
8,3.69
8,3.69
8,3.69
8,3.69
8,3.69
8,3.69
8,3.69
8,3.69
8,3.69
8,3.69
8,3.69
8,3.69
8,3.69
8,3.69
8,3.69
8,3.69
8,3.69
8,3.69
8,3.69
8,3.69
8,3.69
8,3.69
8,3.69
8,3.69
8,3.69
8,3.69
8,3.69
8,3.69
8,3.69
8,3.69
8,3.69
8,3.69
8,3.69
8,3.69
8,3.69
8,3.69
8,3.69
8,3.69
8,3.69
8,3.69
8,3.69
8,3.69
8,3.69
8,3.69
8,3.69
8,3.69
8,3.69
8,3.69
8,3.69
8,3.69
8,3.69
8,3.69
8,3.69
8,3.69
8,3.69
8,3.69
8,3.69
8,3.69
8,3.69
8,3.69
8,3.69
8,3.69
8,3.69
8,3.69
8,3.69
8,3.69
8,3.69
8,3.69
4,3.68
4,3.68
4,3.68
4,3.68
4,3.68
4,3.68
4,3.68
4,3.68
4,3.68
4,3.68
4,3.68
4,3.68
4,3.68
4,3.68
4,3.68
4,3.68
4,3.68
4,3.68
4,3.68
4,3.68
4,3.68
4,3.68
4,3.68
4,3.68
4,3.68
4,3.68
4,3.68
4,3.68
4,3.68
4,3.68
4,3.68
4,3.68
4,3.68
4,3.68
4,3.68
4,3.68
4,3.68
4,3.68
4,3.68
4,3.68
4,3.68
8,3.68
8,3.68
8,3.68
8,3.68
8,3.68
8,3.68
8,3.68
8,3.68
8,3.68
8,3.68
8,3.68
8,3.68
8,3.68
8,3.68
8,3.68
8,3.68
8,3.68
8,3.68
8,3.68
8,3.68
8,3.68
8,3.68
8,3.68
8,3.68
8,3.68
8,3.68
8,3.68
8,3.68
8,3.68
8,3.68
8,3.68
8,3.68
8,3.68
8,3.68
8,3.68
8,3.68
8,3.68
8,3.68
8,3.68
8,3.68
8,3.68
8,3.68
8,3.68
8,3.68
8,3.68
8,3.68
8,3.68
8,3.68
8,3.68
8,3.68
8,3.68
8,3.68
8,3.68
8,3.68
8,3.68
8,3.68
8,3.68
8,3.68
8,3.68
8,3.68
8,3.68
8,3.68
8,3.68
8,3.68
8,3.68
8,3.68
8,3.68
8,3.68
8,3.68
8,3.68
8,3.68
8,3.68
8,3.68
8,3.68
8,3.68
8,3.68
8,3.68
8,3.68
8,3.68
8,3.68
8,3.68
8,3.68
8,3.68
8,3.68
8,3.68
8,3.68
8,3.68
8,3.68
8,3.68
8,3.68
8,3.68
8,3.68
8,3.68
8,3.68
8,3.68
8,3.68
8,3.68
8,3.68
8,3.68
8,3.68
8,3.68
8,3.68
8,3.68
8,3.68
4,3.67
4,3.67
4,3.67
4,3.67
4,3.67
4,3.67
4,3.67
4,3.67
4,3.67
4,3.67
4,3.67
4,3.67
4,3.67
4,3.67
4,3.67
4,3.67
4,3.67
4,3.67
4,3.67
4,3.67
4,3.67
4,3.67
4,3.67
4,3.67
4,3.67
4,3.67
4,3.67
4,3.67
4,3.67
4,3.67
4,3.67
4,3.67
16,3.65
16,3.65
16,3.65
16,3.65
16,3.65
16,3.65
16,3.65
16,3.65
16,3.65
16,3.65
16,3.65
16,3.65
16,3.65
8,3.64
8,3.64
8,3.64
8,3.64
8,3.64
8,3.64
8,3.64
8,3.64
8,3.64
8,3.64
8,3.64
8,3.64
12,3.61
12,3.61
12,3.61
12,3.61
12,3.61
12,3.61
12,3.61
12,3.61
12,3.61
12,3.61
12,3.61
4,3.6
4,3.6
4,3.6
4,3.6
4,3.6
4,3.6
4,3.6
4,3.6
4,3.6
4,3.6
4,3.6
4,3.6
4,3.6
4,3.6
4,3.6
4,3.6
4,3.6
4,3.6
4,3.6
8,3.6
8,3.6
8,3.6
8,3.6
8,3.6
8,3.6
8,3.6
8,3.6
8,3.6
8,3.6
8,3.6
8,3.6
8,3.6
8,3.6
8,3.6
4,3.6
4,3.6
4,3.6
4,3.6
4,3.6
4,3.6
4,3.6
4,3.6
4,3.6
4,3.6
4,3.6
4,3.6
4,3.6
4,3.6
4,3.6
4,3.6
4,3.6
4,3.6
4,3.6
4,3.6
4,3.6
4,3.6
4,3.6
4,3.6
4,3.6
12,3.58
12,3.58
12,3.58
12,3.58
12,3.58
12,3.58
12,3.58
12,3.58
12,3.58
12,3.58
12,3.58
12,3.58
12,3.58
12,3.58
12,3.58
12,3.58
12,3.58
12,3.58
12,3.58
8,3.56
8,3.56
8,3.56
8,3.56
8,3.56
8,3.56
8,3.56
8,3.56
8,3.56
8,3.56
8,3.56
8,3.56
8,3.56
4,3.56
4,3.56
4,3.56
4,3.56
4,3.56
4,3.56
4,3.56
4,3.56
4,3.56
4,3.56
4,3.56
4,3.56
4,3.56
4,3.56
4,3.55
4,3.55
4,3.55
4,3.55
4,3.55
4,3.55
4,3.55
4,3.55
4,3.55
4,3.55
4,3.55
4,3.55
4,3.55
4,3.55
4,3.55
4,3.55
4,3.55
4,3.55
4,3.55
4,3.55
4,3.55
4,3.55
11,3.52
11,3.52
11,3.52
11,3.52
11,3.52
11,3.52
11,3.52
11,3.52
11,3.52
11,3.52
11,3.52
28,3.5
28,3.5
28,3.5
28,3.5
28,3.5
28,3.5
28,3.5
28,3.5
28,3.5
28,3.5
28,3.5
28,3.5
28,3.5
28,3.5
28,3.5
28,3.5
28,3.5
28,3.5
28,3.5
28,3.5
28,3.5
28,3.5
28,3.5
28,3.5
28,3.5
8,3.5
8,3.5
8,3.5
8,3.5
8,3.5
8,3.5
8,3.5
8,3.5
8,3.5
8,3.5
8,3.5
8,3.5
8,3.5
8,3.5
8,3.5
8,3.5
8,3.5
8,3.5
8,3.5
8,3.5
8,3.5
8,3.5
8,3.5
8,3.5
8,3.5
8,3.5
8,3.5
8,3.5
8,3.5
8,3.5
4,3.48
4,3.48
4,3.48
4,3.48
4,3.48
4,3.48
4,3.48
4,3.48
4,3.48
4,3.48
4,3.48
4,3.48
4,3.48
4,3.48
4,3.48
4,3.48
8,3.46
8,3.46
8,3.46
8,3.46
8,3.46
8,3.46
8,3.46
8,3.46
8,3.46
8,3.46
8,3.46
8,3.46
8,3.46
4,3.45
4,3.45
4,3.45
4,3.45
4,3.45
4,3.45
4,3.45
4,3.45
4,3.45
4,3.45
4,3.45
4,3.45
4,3.45
4,3.45
4,3.45
4,3.45
4,3.45
4,3.45
4,3.45
4,3.45
4,3.45
4,3.45
4,3.45
4,3.45
4,3.45
4,3.45
4,3.45
4,3.45
4,3.45
4,3.45
4,3.45
4,3.45
4,3.45
4,3.45
4,3.45
4,3.45
17,3.44
17,3.44
17,3.44
17,3.44
17,3.44
17,3.44
17,3.44
17,3.44
17,3.44
17,3.44
17,3.44
17,3.44
17,3.44
17,3.44
17,3.44
17,3.44
17,3.44
17,3.44
17,3.44
17,3.44
17,3.44
17,3.44
17,3.44
17,3.44
17,3.44
17,3.44
17,3.44
17,3.44
17,3.44
17,3.44
2,3.42
2,3.42
2,3.42
2,3.42
2,3.42
2,3.42
2,3.42
2,3.42
2,3.42
2,3.42
2,3.42
2,3.42
2,3.42
2,3.42
2,3.42
2,3.42
2,3.42
2,3.42
2,3.42
2,3.42
2,3.42
2,3.42
2,3.42
2,3.42
2,3.42
2,3.42
2,3.42
2,3.42
8,3.41
8,3.41
8,3.41
8,3.41
8,3.41
8,3.41
8,3.41
8,3.41
8,3.41
8,3.41
8,3.41
8,3.41
4,3.4
4,3.4
4,3.4
4,3.4
4,3.4
4,3.4
4,3.4
4,3.4
4,3.4
4,3.4
4,3.4
4,3.4
4,3.4
4,3.4
4,3.4
4,3.4
4,3.4
4,3.4
4,3.4
4,3.4
4,3.4
4,3.4
4,3.4
4,3.4
4,3.4
4,3.4
4,3.4
4,3.4
4,3.4
4,3.4
4,3.4
4,3.4
4,3.4
4,3.4
4,3.4
4,3.4
4,3.4
4,3.4
4,3.4
4,3.4
4,3.4
4,3.4
4,3.4
4,3.4
4,3.4
4,3.4
4,3.4
4,3.4
4,3.4
4,3.4
4,3.4
4,3.4
4,3.4
4,3.4
4,3.4
4,3.4
4,3.4
4,3.4
4,3.4
4,3.4
4,3.4
4,3.4
4,3.4
4,3.4
4,3.4
4,3.4
4,3.4
4,3.4
4,3.4
4,3.4
4,3.4
4,3.4
4,3.4
4,3.4
4,3.4
4,3.4
4,3.4
4,3.4
4,3.4
4,3.4
4,3.4
4,3.4
4,3.4
8,3.39
8,3.39
8,3.39
8,3.39
8,3.39
8,3.39
8,3.39
8,3.39
8,3.39
8,3.39
8,3.39
8,3.39
8,3.39
8,3.39
8,3.39
8,3.39
8,3.39
10,3.38
10,3.38
10,3.38
10,3.38
10,3.38
10,3.38
10,3.38
10,3.38
10,3.38
10,3.38
10,3.38
10,3.38
10,3.38
4,3.37
4,3.37
4,3.37
4,3.37
4,3.37
4,3.37
4,3.37
4,3.37
4,3.37
4,3.37
4,3.37
4,3.37
4,3.37
4,3.37
4,3.37
4,3.37
4,3.37
4,3.37
4,3.37
4,3.37
4,3.37
4,3.37
4,3.37
4,3.37
4,3.37
4,3.37
4,3.37
4,3.37
4,3.37
4,3.37
4,3.37
4,3.37
4,3.37
4,3.37
4,3.37
4,3.37
4,3.37
4,3.37
4,3.37
4,3.37
4,3.37
8,3.33
8,3.33
8,3.33
8,3.33
8,3.33
8,3.33
8,3.33
8,3.33
8,3.33
8,3.33
8,3.33
8,3.33
8,3.33
8,3.33
8,3.33
8,3.33
8,3.33
8,3.33
8,3.33
8,3.33
8,3.33
8,3.33
8,3.33
8,3.33
8,3.33
8,3.33
8,3.33
29,3.31
29,3.31
29,3.31
29,3.31
29,3.31
29,3.31
29,3.31
29,3.31
29,3.31
29,3.31
29,3.31
29,3.31
29,3.31
29,3.31
29,3.31
29,3.31
29,3.31
8,3.3
8,3.3
8,3.3
8,3.3
8,3.3
8,3.3
8,3.3
8,3.3
8,3.3
8,3.3
8,3.3
8,3.3
8,3.3
8,3.3
8,3.3
8,3.3
8,3.3
8,3.3
8,3.3
8,3.3
8,3.3
8,3.3
8,3.3
8,3.3
8,3.3
4,3.3
4,3.3
4,3.3
4,3.3
4,3.3
4,3.3
4,3.3
4,3.3
4,3.3
4,3.3
4,3.3
4,3.3
4,3.3
4,3.3
4,3.3
4,3.3
4,3.3
4,3.3
4,3.3
4,3.3
8,3.3
8,3.3
8,3.3
8,3.3
8,3.3
8,3.3
8,3.3
8,3.3
8,3.3
8,3.3
8,3.3
8,3.3
8,3.3
8,3.3
8,3.3
8,3.3
8,3.3
8,3.3
8,3.3
8,3.3
8,3.3
8,3.3
8,3.3
8,3.3
8,3.3
8,3.3
8,3.3
8,3.3
8,3.3
8,3.3
8,3.3
8,3.3
8,3.3
8,3.3
8,3.3
8,3.3
8,3.3
8,3.3
8,3.3
8,3.3
8,3.3
8,3.3
8,3.3
8,3.3
8,3.3
8,3.3
8,3.3
8,3.3
8,3.3
8,3.3
8,3.3
8,3.3
8,3.3
8,3.3
8,3.3
8,3.3
8,3.3
8,3.3
8,3.3
8,3.3
8,3.3
8,3.3
8,3.3
8,3.3
8,3.3
8,3.3
8,3.3
8,3.3
8,3.3
8,3.3
8,3.3
8,3.3
8,3.3
8,3.3
8,3.3
8,3.3
8,3.3
8,3.3
2,3.27
2,3.27
2,3.27
2,3.27
2,3.27
2,3.27
2,3.27
2,3.27
2,3.27
2,3.27
2,3.27
8,3.27
8,3.27
8,3.27
8,3.27
8,3.27
8,3.27
8,3.27
8,3.27
8,3.27
8,3.27
8,3.27
8,3.27
8,3.27
8,3.27
8,3.27
8,3.27
8,3.27
8,3.27
8,3.27
8,3.27
8,3.27
8,3.27
8,3.27
8,3.27
8,3.27
8,3.27
8,3.27
8,3.27
8,3.27
8,3.27
8,3.27
8,3.27
8,3.27
8,3.27
8,3.27
8,3.27
8,3.27
8,3.27
8,3.27
8,3.27
8,3.27
8,3.27
8,3.27
8,3.27
8,3.27
8,3.27
29,3.27
29,3.27
29,3.27
29,3.27
29,3.27
29,3.27
29,3.27
29,3.27
29,3.27
29,3.27
29,3.27
29,3.27
29,3.27
29,3.27
29,3.27
29,3.27
29,3.27
29,3.27
29,3.27
29,3.27
29,3.27
29,3.27
29,3.27
29,3.27
29,3.27
29,3.27
8,3.27
8,3.27
8,3.27
8,3.27
8,3.27
8,3.27
8,3.27
8,3.27
8,3.27
8,3.27
8,3.27
8,3.27
8,3.27
8,3.27
8,3.27
8,3.27
8,3.27
22,3.26
22,3.26
22,3.26
22,3.26
22,3.26
22,3.26
22,3.26
22,3.26
22,3.26
22,3.26
22,3.26
22,3.26
22,3.26
22,3.26
22,3.26
22,3.26
22,3.26
22,3.26
22,3.26
22,3.26
22,3.26
22,3.26
22,3.26
22,3.26
22,3.26
22,3.26
4,3.26
4,3.26
4,3.26
4,3.26
4,3.26
4,3.26
4,3.26
4,3.26
4,3.26
4,3.26
4,3.26
4,3.26
4,3.26
4,3.26
4,3.26
4,3.26
4,3.26
4,3.26
4,3.26
4,3.26
4,3.26
4,3.26
4,3.26
4,3.26
4,3.26
4,3.26
4,3.26
4,3.26
4,3.26
8,3.26
8,3.26
8,3.26
8,3.26
8,3.26
8,3.26
8,3.26
8,3.26
8,3.26
8,3.26
8,3.26
8,3.26
8,3.26
8,3.26
8,3.26
8,3.26
8,3.26
8,3.26
8,3.26
8,3.26
8,3.26
8,3.26
8,3.26
8,3.26
8,3.26
8,3.26
8,3.26
8,3.26
8,3.26
8,3.26
8,3.26
8,3.26
8,3.26
8,3.26
8,3.26
8,3.26
8,3.26
8,3.26
8,3.26
8,3.26
8,3.26
8,3.26
8,3.26
8,3.26
8,3.26
8,3.26
8,3.26
8,3.26
8,3.26
8,3.26
8,3.26
8,3.26
8,3.26
22,3.25
22,3.25
22,3.25
22,3.25
22,3.25
22,3.25
22,3.25
22,3.25
22,3.25
22,3.25
4,3.24
4,3.24
4,3.24
4,3.24
4,3.24
4,3.24
4,3.24
4,3.24
4,3.24
4,3.24
8,3.23
8,3.23
8,3.23
8,3.23
8,3.23
8,3.23
8,3.23
8,3.23
8,3.23
8,3.23
8,3.23
8,3.23
8,3.23
8,3.23
8,3.23
8,3.23
8,3.23
8,3.23
8,3.23
8,3.23
8,3.23
8,3.23
8,3.23
8,3.23
8,3.23
8,3.23
8,3.23
8,3.23
8,3.23
8,3.23
8,3.23
8,3.23
8,3.23
8,3.23
8,3.23
8,3.23
8,3.23
8,3.23
8,3.23
8,3.23
8,3.23
8,3.23
8,3.23
8,3.23
8,3.23
8,3.23
8,3.23
8,3.23
8,3.23
8,3.23
8,3.23
8,3.23
8,3.23
8,3.23
8,3.23
8,3.23
8,3.23
8,3.23
8,3.23
8,3.23
8,3.23
8,3.23
8,3.23
8,3.23
8,3.23
8,3.23
8,3.23
8,3.23
8,3.23
8,3.23
8,3.23
8,3.23
8,3.23
8,3.23
8,3.23
8,3.23
8,3.23
8,3.23
8,3.23
8,3.23
8,3.23
8,3.23
8,3.23
8,3.23
8,3.23
8,3.23
8,3.23
8,3.23
8,3.23
8,3.23
8,3.23
8,3.23
8,3.23
8,3.23
8,3.23
8,3.23
8,3.23
8,3.23
8,3.23
8,3.23
8,3.23
8,3.23
8,3.23
8,3.23
8,3.23
8,3.23
8,3.23
8,3.23
8,3.23
8,3.23
8,3.23
8,3.23
8,3.23
8,3.23
8,3.23
8,3.23
8,3.23
8,3.23
8,3.23
8,3.23
8,3.23
8,3.23
8,3.23
8,3.23
8,3.23
8,3.23
8,3.23
8,3.23
8,3.23
8,3.23
8,3.23
8,3.23
8,3.23
8,3.23
8,3.23
8,3.23
8,3.23
8,3.23
8,3.23
8,3.23
8,3.23
8,3.23
8,3.23
8,3.23
8,3.23
8,3.23
8,3.23
8,3.23
8,3.23
8,3.23
8,3.23
8,3.23
8,3.23
8,3.23
8,3.23
8,3.23
8,3.23
8,3.23
8,3.23
8,3.23
8,3.23
8,3.23
8,3.23
8,3.23
8,3.23
8,3.23
8,3.23
8,3.23
8,3.23
8,3.23
8,3.23
8,3.23
8,3.23
4,3.22
4,3.22
4,3.22
4,3.22
4,3.22
4,3.22
4,3.22
4,3.22
4,3.22
4,3.22
4,3.22
4,3.22
4,3.22
4,3.22
4,3.22
4,3.22
4,3.22
4,3.22
4,3.22
4,3.22
30,3.21
30,3.21
30,3.21
30,3.21
30,3.21
30,3.21
30,3.21
30,3.21
30,3.21
30,3.21
30,3.21
30,3.21
4,3.2
4,3.2
4,3.2
4,3.2
4,3.2
4,3.2
4,3.2
4,3.2
4,3.2
4,3.2
4,3.2
4,3.2
4,3.2
4,3.2
4,3.2
4,3.2
4,3.2
4,3.2
4,3.2
4,3.2
4,3.2
4,3.2
4,3.2
4,3.2
4,3.2
4,3.2
23,3.16
23,3.16
23,3.16
23,3.16
23,3.16
23,3.16
23,3.16
23,3.16
23,3.16
23,3.16
23,3.16
23,3.16
23,3.16
23,3.16
23,3.16
23,3.16
23,3.16
23,3.16
23,3.16
23,3.16
23,3.16
23,3.16
23,3.16
23,3.16
23,3.16
23,3.16
23,3.16
23,3.16
23,3.16
23,3.16
23,3.16
23,3.16
8,3.16
8,3.16
8,3.16
8,3.16
8,3.16
8,3.16
8,3.16
8,3.16
8,3.16
8,3.16
8,3.16
8,3.16
8,3.16
8,3.16
8,3.16
8,3.16
6,3.16
6,3.16
6,3.16
6,3.16
6,3.16
6,3.16
6,3.16
6,3.16
6,3.16
6,3.16
6,3.16
6,3.16
6,3.16
6,3.16
6,3.16
6,3.16
6,3.16
6,3.16
6,3.16
6,3.16
6,3.16
6,3.16
6,3.16
6,3.16
6,3.16
6,3.16
6,3.16
6,3.16
6,3.16
6,3.16
6,3.16
6,3.16
6,3.16
6,3.16
6,3.16
6,3.16
6,3.16
6,3.16
6,3.16
6,3.16
6,3.16
4,3.14
4,3.14
4,3.14
4,3.14
4,3.14
4,3.14
4,3.14
4,3.14
4,3.14
4,3.14
4,3.14
4,3.14
4,3.14
4,3.14
4,3.14
4,3.14
4,3.14
4,3.14
4,3.14
4,3.14
4,3.14
4,3.14
4,3.11
4,3.11
4,3.11
4,3.11
4,3.11
4,3.11
4,3.11
4,3.11
4,3.11
4,3.11
4,3.11
4,3.11
4,3.11
8,3.1
8,3.1
8,3.1
8,3.1
8,3.1
8,3.1
8,3.1
8,3.1
8,3.1
8,3.1
8,3.1
8,3.1
8,3.1
8,3.1
8,3.1
8,3.1
8,3.1
8,3.1
8,3.1
8,3.1
8,3.1
8,3.1
8,3.1
8,3.1
8,3.1
8,3.1
8,3.1
8,3.1
8,3.1
8,3.1
8,3.1
8,3.1
8,3.1
8,3.1
8,3.1
8,3.1
18,3.1
18,3.1
18,3.1
18,3.1
18,3.1
18,3.1
18,3.1
18,3.1
18,3.1
18,3.1
18,3.1
18,3.1
18,3.1
18,3.1
18,3.1
18,3.1
18,3.1
18,3.1
18,3.1
18,3.1
18,3.1
18,3.1
18,3.1
18,3.1
18,3.1
18,3.1
18,3.1
18,3.1
18,3.1
18,3.1
18,3.1
18,3.1
18,3.1
18,3.1
18,3.1
18,3.1
18,3.1
18,3.1
18,3.1
18,3.1
18,3.1
4,3.08
4,3.08
4,3.08
4,3.08
4,3.08
4,3.08
4,3.08
4,3.08
4,3.08
4,3.08
4,3.08
4,3.08
4,3.08
4,3.08
4,3.08
4,3.08
4,3.08
4,3.08
4,3.08
4,3.08
4,3.08
4,3.08
4,3.08
4,3.08
4,3.08
4,3.08
4,3.08
6,3.07
6,3.07
6,3.07
6,3.07
6,3.07
6,3.07
6,3.07
6,3.07
6,3.07
6,3.07
6,3.07
6,3.07
6,3.07
6,3.07
6,3.07
6,3.07
6,3.07
6,3.07
6,3.07
6,3.07
6,3.07
6,3.07
4,3.07
4,3.07
4,3.07
4,3.07
4,3.07
4,3.07
4,3.07
4,3.07
4,3.07
4,3.07
4,3.07
23,3.05
23,3.05
23,3.05
23,3.05
23,3.05
23,3.05
23,3.05
23,3.05
23,3.05
23,3.05
23,3.05
23,3.05
23,3.05
4,3.04
4,3.04
4,3.04
4,3.04
4,3.04
4,3.04
4,3.04
4,3.04
4,3.04
4,3.04
4,3.04
4,3.04
4,3.04
4,3.04
4,3.04
4,3.04
4,3.04
4,3.04
4,3.04
4,3.04
4,3.04
4,3.04
4,3.04
4,3.04
4,3.04
4,3.04
4,3.04
4,3.04
4,3.04
8,3.01
8,3.01
8,3.01
8,3.01
8,3.01
8,3.01
8,3.01
8,3.01
8,3.01
8,3.01
8,3.01
8,3.01
8,3.01
8,3.01
8,3.01
8,3.01
8,3.01
8,3.01
8,3.01
8,3.01
8,3.01
8,3.01
8,3.01
8,3.01
8,3.01
8,3.01
8,3.01
8,3.01
8,3.01
8,3.01
8,3.01
8,3.01
8,3.01
8,3.01
8,3.01
8,3.01
8,3.01
8,3.01
8,3.01
8,3.01
8,3.01
8,3.01
8,3.01
8,3.01
8,3.01
8,3.01
8,3.01
8,3.01
8,3.01
8,3.01
8,3.01
8,3.01
8,3.01
8,3.01
8,3.01
23,3.0
23,3.0
23,3.0
23,3.0
23,3.0
23,3.0
23,3.0
23,3.0
23,3.0
23,3.0
23,3.0
23,3.0
23,3.0
23,3.0
23,3.0
23,3.0
23,3.0
23,3.0
23,3.0
23,3.0
23,3.0
23,3.0
23,3.0
23,3.0
23,3.0
23,3.0
23,3.0
23,3.0
16,2.96
16,2.96
16,2.96
16,2.96
16,2.96
16,2.96
16,2.96
16,2.96
16,2.96
16,2.96
16,2.96
16,2.96
16,2.96
16,2.96
16,2.96
16,2.96
11,2.94
11,2.94
11,2.94
11,2.94
11,2.94
11,2.94
11,2.94
11,2.94
11,2.94
11,2.94
11,2.94
25,2.93
25,2.93
25,2.93
25,2.93
25,2.93
25,2.93
25,2.93
25,2.93
25,2.93
25,2.93
25,2.93
25,2.93
25,2.93
25,2.93
25,2.93
25,2.93
25,2.93
25,2.93
25,2.93
25,2.93
25,2.93
25,2.93
25,2.93
25,2.93
25,2.93
4,2.93
4,2.93
4,2.93
4,2.93
4,2.93
4,2.93
4,2.93
4,2.93
4,2.93
4,2.93
4,2.93
4,2.93
4,2.93
4,2.93
4,2.93
4,2.93
4,2.93
8,2.93
8,2.93
8,2.93
8,2.93
8,2.93
8,2.93
8,2.93
8,2.93
8,2.93
8,2.93
8,2.93
8,2.93
8,2.93
8,2.93
8,2.93
8,2.93
8,2.93
8,2.93
8,2.93
8,2.93
8,2.93
8,2.93
8,2.93
8,2.93
8,2.93
8,2.93
8,2.93
8,2.93
16,2.91
16,2.91
16,2.91
16,2.91
16,2.91
16,2.91
16,2.91
16,2.91
16,2.91
16,2.91
16,2.91
16,2.91
16,2.91
8,2.91
8,2.91
8,2.91
8,2.91
8,2.91
8,2.91
8,2.91
8,2.91
8,2.91
8,2.91
8,2.91
8,2.91
8,2.91
8,2.91
8,2.91
8,2.91
8,2.91
8,2.91
8,2.91
8,2.91
8,2.91
8,2.91
8,2.91
8,2.91
8,2.91
8,2.91
8,2.91
8,2.91
8,2.91
8,2.91
8,2.91
8,2.91
8,2.91
8,2.91
8,2.91
8,2.91
8,2.91
8,2.91
8,2.91
8,2.91
8,2.91
8,2.91
8,2.91
8,2.91
8,2.91
8,2.91
8,2.91
8,2.91
8,2.91
8,2.91
8,2.91
8,2.91
8,2.91
8,2.91
8,2.91
8,2.91
8,2.91
8,2.91
8,2.91
8,2.89
8,2.89
8,2.89
8,2.89
8,2.89
8,2.89
8,2.89
8,2.89
8,2.89
8,2.89
8,2.89
8,2.89
8,2.89
8,2.89
8,2.89
8,2.89
8,2.89
8,2.89
8,2.89
8,2.89
8,2.89
8,2.89
8,2.89
16,2.87
16,2.87
16,2.87
16,2.87
16,2.87
16,2.87
16,2.87
16,2.87
16,2.87
16,2.87
16,2.87
16,2.87
16,2.87
16,2.87
16,2.87
16,2.87
16,2.87
16,2.87
16,2.87
16,2.87
16,2.87
16,2.87
16,2.87
16,2.87
16,2.87
16,2.87
16,2.87
16,2.87
16,2.87
8,2.86
8,2.86
8,2.86
8,2.86
8,2.86
8,2.86
8,2.86
8,2.86
8,2.86
8,2.86
8,2.86
8,2.86
8,2.86
8,2.86
8,2.86
8,2.86
8,2.86
8,2.86
8,2.86
8,2.86
8,2.86
8,2.86
8,2.86
8,2.86
8,2.86
8,2.86
8,2.86
8,2.86
8,2.86
8,2.86
8,2.86
8,2.86
8,2.86
8,2.86
8,2.86
8,2.86
8,2.86
8,2.86
8,2.86
8,2.86
8,2.86
8,2.86
8,2.86
8,2.86
8,2.86
8,2.86
8,2.86
8,2.86
8,2.86
8,2.86
8,2.86
8,2.86
8,2.86
8,2.86
8,2.86
16,2.84
16,2.84
16,2.84
16,2.84
16,2.84
16,2.84
16,2.84
16,2.84
16,2.84
16,2.84
16,2.84
16,2.84
16,2.84
16,2.84
6,2.83
6,2.83
6,2.83
6,2.83
6,2.83
6,2.83
6,2.83
6,2.83
6,2.83
6,2.83
6,2.83
6,2.83
6,2.83
6,2.83
6,2.83
6,2.83
6,2.83
6,2.83
6,2.83
6,2.83
6,2.83
6,2.83
6,2.83
6,2.83
6,2.83
6,2.83
6,2.83
6,2.83
6,2.83
6,2.83
6,2.83
6,2.83
6,2.83
6,2.83
6,2.83
6,2.83
6,2.83
6,2.83
6,2.83
6,2.83
6,2.83
6,2.83
6,2.83
6,2.83
6,2.83
6,2.83
6,2.83
6,2.83
6,2.83
6,2.83
6,2.83
6,2.83
6,2.83
6,2.83
6,2.83
6,2.83
6,2.83
6,2.83
6,2.83
6,2.83
6,2.83
6,2.83
6,2.83
6,2.83
6,2.83
6,2.83
6,2.83
4,2.79
4,2.79
4,2.79
4,2.79
4,2.79
4,2.79
4,2.79
4,2.79
4,2.79
4,2.79
4,2.79
4,2.79
4,2.79
4,2.79
4,2.79
4,2.79
4,2.79
4,2.79
4,2.79
4,2.79
4,2.79
4,2.79
4,2.79
4,2.79
4,2.79
4,2.79
4,2.79
4,2.79
4,2.79
4,2.79
4,2.79
4,2.79
4,2.79
4,2.79
4,2.79
4,2.79
4,2.79
4,2.79
4,2.79
4,2.79
4,2.79
11,2.78
11,2.78
11,2.78
11,2.78
11,2.78
11,2.78
11,2.78
11,2.78
11,2.78
11,2.78
11,2.78
11,2.78
25,2.78
25,2.78
25,2.78
25,2.78
25,2.78
25,2.78
25,2.78
25,2.78
25,2.78
25,2.78
25,2.78
25,2.78
25,2.78
8,2.76
8,2.76
8,2.76
8,2.76
8,2.76
8,2.76
8,2.76
8,2.76
8,2.76
8,2.76
8,2.76
8,2.76
8,2.76
8,2.76
8,2.76
8,2.76
8,2.76
8,2.76
8,2.76
8,2.76
8,2.76
8,2.76
8,2.76
8,2.76
8,2.76
8,2.76
8,2.76
8,2.76
8,2.76
8,2.76
8,2.76
8,2.76
8,2.76
8,2.76
8,2.76
8,2.75
8,2.75
8,2.75
8,2.75
8,2.75
8,2.75
8,2.75
8,2.75
8,2.75
8,2.75
4,2.72
4,2.72
4,2.72
4,2.72
4,2.72
4,2.72
4,2.72
4,2.72
4,2.72
4,2.72
4,2.72
8,2.72
8,2.72
8,2.72
8,2.72
8,2.72
8,2.72
8,2.72
8,2.72
8,2.72
8,2.72
6,2.67
6,2.67
6,2.67
6,2.67
6,2.67
6,2.67
6,2.67
6,2.67
6,2.67
6,2.67
6,2.67
6,2.67
6,2.67
6,2.67
6,2.67
6,2.67
12,2.66
12,2.66
12,2.66
12,2.66
12,2.66
12,2.66
12,2.66
12,2.66
12,2.66
12,2.66
12,2.66
12,2.66
12,2.66
12,2.66
12,2.66
12,2.66
12,2.66
12,2.66
12,2.66
12,2.66
12,2.66
12,2.66
12,2.66
12,2.66
12,2.66
19,2.66
19,2.66
19,2.66
19,2.66
19,2.66
19,2.66
19,2.66
19,2.66
19,2.66
19,2.66
19,2.66
19,2.66
19,2.66
8,2.59
8,2.59
8,2.59
8,2.59
8,2.59
8,2.59
8,2.59
8,2.59
8,2.59
8,2.59
8,2.59
8,2.59
8,2.59
8,2.59
8,2.59
8,2.59
8,2.59
8,2.59
8,2.59
6,2.59
6,2.59
6,2.59
6,2.59
6,2.59
6,2.59
6,2.59
6,2.59
6,2.59
6,2.59
6,2.59
6,2.59
6,2.59
6,2.57
6,2.57
6,2.57
6,2.57
6,2.57
6,2.57
6,2.57
6,2.57
6,2.57
6,2.57
6,2.57
25,2.52
25,2.52
25,2.52
25,2.52
25,2.52
25,2.52
25,2.52
25,2.52
25,2.52
25,2.52
25,2.52
25,2.52
14,2.49
14,2.49
14,2.49
14,2.49
14,2.49
14,2.49
14,2.49
14,2.49
14,2.49
14,2.49
14,2.49
14,2.49
4,2.49
4,2.49
4,2.49
4,2.49
4,2.49
4,2.49
4,2.49
4,2.49
4,2.49
4,2.49
4,2.49
4,2.49
4,2.49
4,2.46
4,2.46
4,2.46
4,2.46
4,2.46
4,2.46
4,2.46
4,2.46
4,2.46
4,2.46
4,2.46
4,2.46
4,2.46
4,2.46
4,2.46
4,2.46
4,2.46
4,2.46
4,2.46
4,2.44
4,2.44
4,2.44
4,2.44
4,2.44
4,2.44
4,2.44
4,2.44
4,2.44
4,2.44
4,2.44
4,2.44
4,2.44
4,2.44
4,2.44
4,2.44
4,2.44
4,2.44
4,2.44
4,2.44
4,2.44
4,2.44
4,2.44
4,2.44
4,2.44
4,2.44
4,2.44
4,2.44
4,2.44
4,2.44
22,2.44
22,2.44
22,2.44
22,2.44
22,2.44
22,2.44
22,2.44
22,2.44
22,2.44
22,2.44
22,2.44
22,2.44
22,2.44
22,2.44
22,2.44
22,2.44
22,2.44
22,2.44
22,2.44
22,2.44
22,2.44
22,2.44
22,2.44
22,2.44
22,2.44
22,2.44
22,2.44
22,2.44
22,2.44
22,2.44
22,2.44
22,2.44
22,2.44
8,2.38
8,2.38
8,2.38
8,2.38
8,2.38
8,2.38
8,2.38
8,2.38
8,2.38
8,2.38
8,2.38
8,2.38
8,2.38
8,2.38
8,2.38
15,2.19
15,2.19
15,2.19
15,2.19
15,2.19
15,2.19
15,2.19
15,2.19
15,2.19
15,2.19
15,2.19
15,2.19
15,2.19
15,2.19
15,2.19
15,2.19
15,2.19
15,2.19
15,2.19
15,2.19
15,2.19
15,2.19
4,2.09
4,2.09
4,2.09
4,2.09
4,2.09
4,2.09
4,2.09
4,2.09
4,2.09
4,2.09
4,2.09
4,2.09
4,2.09
4,2.09
4,2.09
4,2.09
4,2.09
4,2.09
4,2.09
4,2.09
4,2.09
4,2.09
4,2.09
4,2.09
4,2.09
4,2.09
4,2.09
4,2.09
4,2.09
4,2.09
4,2.09
10,2.03
10,2.03
10,2.03
10,2.03
10,2.03
10,2.03
10,2.03
10,2.03
10,2.03
10,2.03
10,2.03
10,2.03
10,2.03
10,2.03
10,2.03
4,1.14
4,1.14
4,1.14
4,1.14
4,1.14
4,1.14
4,1.14
4,1.14
4,1.14
4,1.14
4,1.14
4,1.14
4,1.14
4,0.99
4,0.99
4,0.99
4,0.99
4,0.99
4,0.99
4,0.99
4,0.99
4,0.99
4,0.99
4,0.99
4,0.99
4,0.99
4,0.99
4,0.99
4,0.99
4,0.99
4,0.99
4,0.99
4,0.99
4,0.99
4,0.99
4,0.99
4,0.99
4,0.99
4,0.99
4,0.99
4,0.99
4,0.99
4,0.99
4,0.99
4,0.99
4,0.99
4,0.99
4,0.99
4,0.99
4,0.99
4,0.99
4,0.99
4,0.99
4,0.99
4,0.99
4,0.99
4,0.99
4,0.99
4,0.99
4,0.99
4,0.77
4,0.77
4,0.77
4,0.77
4,0.77
4,0.77
4,0.77
4,0.77
4,0.77
4,0.77
4,0.77
4,0.77
4,0.77
4,0.77
4,0.77
4,0.66
4,0.66
4,0.66
4,0.66
4,0.66
4,0.66
4,0.66
4,0.66
4,0.66
4,0.66
4,0.66
